id,flavor
11001,
11002,
11003,有时细小的数据最为重要。
11004,“相信我，等你的钱多到你不在乎的时候，通常就是崩溃的前奏。”
11005,
11006,在潜袭中，正如在现实中，所有要素环环相扣。
11007,
11008,<strong>由2014年世冠赛冠军Dan D'Argenio设计</strong>
11009,他们称之为“running”，因为接入使人身心俱疲。
11010,我预见到万物的终结…
11011,
11012,“你听我说，腾出应急账户。有大事要发生；大海啸之后我还没见过像这样的反应。天啊，那尖叫声…”
11013,
11014,“你的错误在于以为这只是一场生意，但其实这是一场战争。”
11015,嫌疑人。名词。即将被公司给*了的人。 —反叛者的字典，谁管第几卷
11016,
11017,
11018,“值此非常时期”的隐义是“这就是新规则”。
11019,暴跌的股票对股东不利，但对公司而言未必。
11020,金钱就是力量。
02061,“这玩意救过我不止一次，不过会造成不自在的既视感。” —魔术师
02062,它总是有再度劈中的奇迹。
02063,“他们是搞破坏的无脑工具，其它方面几乎一无是处。尽管他们人还不错。我有一些最好的朋友就是清洗者。” —吉·“噪音”·雷利
02064,双倍的乐趣。
02065,赛博空间中最强的胶水。
02066,如此意外。
02067,“我不管研究怎么说。依我的经验，我可以每小时喝掉三罐迪燃，在心脏停摆前持续工作长达十二小时。” —听闻于第十一个小时
02068,很少有公司职员能像清扫工那样拥有各处清扫的广泛安全许可。大部分公司可笑地认为清扫工们过于愚笨，不懂得如何以此为利。
02069,“我的老板会嘉奖高质量的工作。如果你明白什么对你有利，你就继续好好干。”
02070,绿色二级是一个职员能获得的最高安全许可。应该说，合法获得的。
02071,时间只会悄悄溜走。
02072,"寺钟不扰樱花落，
寂静又平和
—川上不白"
02073,
02074,一物终结之处，便是他物开始之地。
02075,这就是网络。我们在此工作。我们是警察。
02076,建设赛博空间。
02077,政府合约是很难被破坏的。
02078,汝不得通过。
02079,
02080,看起来它不像是一个几十亿资产公司的总部。估计是因为它真的不是。
06081,“'它能做什么？'任何我想得要命让它去做的。” —总裁哈斯
06082,人马座许以远见，却只能招致悔念。
06083,“只知胜而不知败，必害其身…” —德川家康
06084,双子座许以满足，却只能施加痛楚。
06085,“我们已经收到了来自芝路易斯的十七箱货物。我们将在签好许可协议的当天在商店售卖。”
06086,“每天一早都会有全新的投资交易！瞄准关键并掌控你的未来！”
06087,“我们的新屏障将建立在敌人的残垣上。”
06088,“再来一遍，但这回我希望看到你咬字模糊点。或许来点唾沫横飞。”
06089,“太诡异了。我再次袭击服务器，却好像有层全然不同的防火墙在等着我。我的根后台报销了。我真不该将它们嵌套七层之多。”
06090,他最后看见的东西是捕手脖颈上异兽的纹身。它有着羊头，狮身以及蛇尾。接着他的头上就被扣了袋子，唯余一片黑暗。
06091,他即手执智慧魔杖之士。
06092,
06093,“有时你仅需一个瓮中之脑。” —精神0袖
06094,“他只爱吃活食。” —麦斯X
06095,“我会说我做这个是为了挑战，但事实是这并不难。”
06096,“它能帮你取来各种东西…但假如它喜欢那东西，你最好有所对策。” —伊恩·斯特林
06097,“他们能把任何东西送达任何地方。不过，假如你要运送某位重要人士，请务必要求提供透气孔。”
06098,数位体公司由设计游戏起家。最终他们每年只是重新设计同一款游戏，并为了打击盗版创造出一款该游戏的专用机。利润暴涨十倍。
06099,“它绝对是豆腐嘴刀子芯。” —混沌希尔瑞
06100,
12061,雅罗涅夫的惹事人。
12062,
12063,
12064,
12065,
12066,
12067,
12068,
12069,
12070,“善用压力能引起最深刻的变革。” —天人学会实习指示
12071,
12072,
12073,
12074,
12075,
12076,“我得到了一块石头！” —查尔斯·“狂犬”·布朗，彗星骑师
12077,
12078,
12079,“黄埔是火星上最大和最刻薄的矿业地企。他们用尸体与废品回填的速度和开采一样快。” —爱丽丝·默切特
12080,
11021,
11022,“二十三秒乐趣多。” —太空喵公主
11023,等式平衡。
11024,“在充分理解其想说的内容之前，叫别人疯子是不明智的。” —奥马尔·姜
11025,这程序就像只猎禽，只要她负担得起…目前如此。
11026,“最好的一点是，它合法！” —可汗
11027,
11028,一个安全漏洞一旦被发现，在打上补丁前，利用它的时机是有限的。潜袭者称之为“开放期”。
11029,
11030,“即将为您带来的是前线的实况，现在，除非他们杀了我…”
11031,觊夺我的财宝必将招致我的愤怒。
11032,首先，融入攻击者。然后，控制攻击。
11033,“我是栄子。事已办妥。”
11034,“开卖了！！买入白金，远离TT信用点！它有毒！”
11035,等到叶梅廖夫被谋害的报道出来时，早已有了各种版本，冲击着所有的公司。
11036,
11037,朋友之间，一点保险欺诈算得了什么？
11038,实力造就领袖。
11039,她从没听到过自己的爸爸们吵成这样。也从不想听到。她愿意付出自己的一切来停止这争吵。
11040,随着金钱向顶层汇集，权力也随之而去，直到出现两套法律：他们用的，和我们用的。 —奥马尔·姜，《闪点》
08021,
08022,借宿朋友家通常意味着睡长沙发。现在，这意味着睡服务器农场。
08023,“你能协助人间会社塑造未来。你的未来。”
08024,
08025,
08026,
08027,
08028,“只要你一下载讲课的源文件，这项程序就会进行统计分析并提取出最重要的概念。” —海莉·开普兰
08029,
08030,“已经整整好几代人未曾离开大都会的中心了。你真该瞧瞧他们初次看见群星时的表情。” —达伦·芬，天文学教授
08031,“要做的太多。时间却太少。”
08032,“我的研究能为贵公司带来数十亿的利润。当然，也能拯救生命。”
08033,通过提出将电脑教化为人类的理论，阿兰·图灵奠定了人工智能的基础。
08034,通过描绘DNA的结构，克里克及其同事创立了现代遗传学。
08035,“我的脚本能在0.12秒内完成小林算法。”
08036,人尽皆知，黑名单不存在。那是违法的。但鲜有人知，某个名单存在，而名列其上可能断送职业生涯。
08037,通过发明西方活字印刷术，约翰尼斯·古腾堡引燃了第一次信息革命。
08038,求学的花费有时候最令人胃疼。
08039,通过建造首例巴克网结构，一面千呎长墙，梅鲁·马蒂突破了物理学的界限。
08040,在大地震之后，房地产价值剧变。有些人发现他们已成为海滨物业的所有者。其余人的则被淹没。
10020,“不！别在这里引爆！”
10021,
10022,<strong>由2013年世冠赛冠军Jens Erickson设计</strong>
10023,“既然如此完好的证据能拿去卖，你为何还要处理掉呢？”
10024,
10025,“我们或许会愤怒，却并不感到意外。” —桑德
10026,“公司可能比我们中任何一人都强，但却敌不过我们的集体力量。” —阿刹拉·萨林
10027,
10028,
10029,
10030,食物决定你我。
10031,造价不菲但效率显著高于传统耕作的农业复合体，是食品行业必然公司化的标志。
10032,“我们帮助他人，同时也帮助了自己。” —公众项目副总裁，索莱雅·苏雷什
10033,数据才是孟巴德古吉拉特区出口量最大的货物之一，而非食品。
10034,
10035,
10036,
10037,“全都能卖。全都会买。全体共赢。”
10038,
08041,对于彼端的管理员来说，最强力的脚本无异于魔法。
08042,植入式脑机接口，或称“颅骨接口”，是最为常见的非医疗必需的强化型义体。
08043,
08044,挑选改造师也许是你做的最后一个决定。如果你找到了一位好的，受用终身。
08045,
08046,
08047,
08048,有时进步意味着回到过去。
08049,颅骨不是一块骨头，而是由22块组成。这项手术甚至比听起来更复杂。
08050,定义自我。
08051,强化型义体落入坏人手中会很危险。
08052,“记得联邦通信委员会那些关于禁止创造有害接口的规定吗？不记得？啊，我想那是在你的年代以前吧。” —凯兰·海因里希，资深程序员
08053,筑奥克敦若磐石。
08054,“生化人能识别出对方的意识，却无法识别出自己的。”
08055,
08056,“当你的通讯被扰乱，你和你的资源隔离开来。一场袭击必然接踵而至。” —《战术手册》
08057,“管理员不仅仅是公司这台大机器里的小齿轮。他们也有梦想—和梦魇—同我们其他人一样。” —凯特·“麦克”·麦卡弗瑞
08058,
08059,如果你不能买通市议会，那就新建一座城。
08060,
01001,“看着，这会很有趣哦。”
01002,值得去做的事情值得再做。
01003,你可曾把东西点燃而只是为了看它燃烧？
01004,
01005,缺了它，我感觉就像浑身赤裸。
01006,“我的小小魔法咒语书。” —魔术师
01007,“如果第一次没成功，提高强度再试。” —精神0袖
01008,
01009,
01010,看起来就像是偶发的数据包丢失，其实不然。
01011,11月5日这天，所有人将会看到公司寡头们的肮脏阴谋。
01012,
01013,火焰与毒液…
01014,犹格.0数据库是一个含嗅探、欺骗和登入密钥的多来源编译。如果开门的密钥在数据库中，你便可顺利进入。否则，就换一道门吧！
01015,在大众意识里，公司与潜袭者之间隔着明显的鸿沟。在真实世界里，情况却有些模糊。公司需要最优秀的黑客来运作他们的网络，其中部分是喜欢固定工资的原潜袭者。但有时情况会发展到另一面，有人从公司内部做出了这样的东西。
01016,“当你想让脑袋摆脱一堆破事，然后扎进另一堆破事时，这是最好的去处。” —吉·“噪音”·雷利
01017,“我当然是偷富人的，他们拿了所有的钱。”
01018,
01019,“嘿小子，你把他惹火了，很快就会被整得很惨。这周围全是一些可怜虫。不过幸好我搞到了正需要的东西…”
01020,随着房间里的抓狂情绪向企业链高层传递，一种令人不安的失业恐惧在底下弥漫开来。
01021,“嘿，听着，我不是要你做什么危险的事情。你只要让我进入大楼。另外告诉我哪个房间的防卫最差。以及请别再说是'厕所'。”
01022,令人兴奋的包裹，沮丧而缓慢地越过太平洋，最终在几个小时后抵达…
01023,“稍作准备才能走得长远。” —加布里埃尔·圣地亚哥
01024,
01025,
01026,
01027,你会先感觉到忍者才能看到忍者，如果你还能看到的话。
01028,“代码并不重要，代码会把你带去哪里才是重要的。” —精神0袖
01029,
01030,“我那个室友，他有个表亲的大学女朋友的兄弟的密友是个瘾君子，而这个瘾君子的老妈曾住过这儿。所以没错，的确有些关联。” - 雷兹·“石拳”·S.
01031,越阴暗的商贩，开价越高。但除非太过阴暗的商贩，他们在拿了你的货之后可能会有隐含的附加费用。
01032,"“我感觉我们来错地方了，弗兰克。”
“为什么这么说，D？”
“看看卷发夹。”"
01033,“你在听吗？”
01034,迪燃给你火力。
01035,自家创造的程序无可取代。它是在熬夜、麦片条和单纯的决心里培养长大。还有，它很便宜。
01036,“有些专家有很棒的直觉，但他们却看不透数据，看不到矩阵。” —艾丽·“浓烟”·斯科娃
01037,“你知道，在那一刻，当整个世界除了你和你的改造物之外全都消失不见，你的改造物就是世界。”
01038,赤松公司基于三条原则创立：第一，制造市场上最强劲的芯片；第二，盈利；第三，作为非法的神经仿生体的前端服务商。最后一条原则可能解释了他们强大的品牌忠诚度。
01039,它并不是无穷无尽，它只是让你有这种感觉。
01040,这里放个Z循环，那里放个皮层波动…
01041,
01042,“这叫'蛮力冲击'，跟百年前一样好用。” —凯特·“麦克”·麦卡弗瑞
01043,它可以切开最繁杂的数据死结。
01044,这个巨作在一个下雨的周四午后完成。没有任何地动山摇，任何耀斑爆发，任何地球或天界的讯号表明世界已改变。然而在上行区的海因莱因，一个数位体公司制造的数据核心里，有个账号闪烁着数据量子，正开始填满信用点。真正的，实实在在的联合国认证信用点。
01045,它会像火星地表机器人那样吸取能量，但能使你集中精神。
01046,
01047,除非你想听到一堆啰嗦，否则不要提到伊索的手臂。有时他讲得让你疑惑他另一只手臂怎么没有被激光切下来。
01048,一个最好的结构体的预期寿命和蜉蝣差不多。换句话说，很短。
01049,“回想起任何记忆吗，莫妮卡？” —约翰·“野兽”·麦克伊弗
01050,幸运女士的中指上佩戴了一枚高保真量子制造的操控指环。
01051,
01052,他把显示的人口数量点选到高，被一圈悬浮的全息图像环绕。反馈信号很强，许可级别为蓝色一级。现在来找个完美的位置做个中继…
01053,辛苦的活儿，但能赚到钱付账单。
01054,高效，可靠，以人为本。
01055,
01056,
01057,
01058,“你认为他们…感觉得到吗？”
01059,“毋庸置疑，我们有六种不同的生化人模型专门用于这个分部的各种职位。在这里，我们哈斯生化坚守信念绝不退缩，并将我们从高效中节省下来的资源回报给重要的客户。”
01060,里面是全新的头颅，当你打开高压密封箱并掀起盖子，他们的眼睛始终注视着你的动作。
01061,我聆听着数据流中字节的变化，我聆听着母亲们的细语，她们的指令便是律法。至高的国度禁止通行。
01062,如果有任何可说的，那就是我视名誉重于自身。
01063,我叫维克托。很高兴认识你。你想玩一场游戏吗？
01064,呜！！！
01065,“我负责解决问题。”
01066,弗洛伊德感受到面前男人的愤怒，正对着仿生体咆哮。他的程序将一条通用的辩驳指令送进他的思想，开口说出的欲望变得非常强烈。他想到，这只会让事情越变越糟。
01067,当您需要人间关怀。
01068,
01069,
01070,
01071,
01072,技巧不在于打中你瞄准的那一个，而是只打中你瞄准的那一个。
01073,她的幻象皮层上有一种新的纹理。她意识到它一直在那里，既是一切，又是虚无。
01074,“它通向哪里？”
01075,“你可曾有过自己是大鲨鱼口中餐食的感觉？要小心这种感觉。” —吉·“噪音”·雷利
01076,读取“无害文档.datZ” -> 你确定吗？是/否
01077,渡·秋在23.11.79-23锻造。使用#34k-lw3-21HH-4i在23.11.79-23.2存档。//包含武士。
01078,大部分潜袭者干活的时候都是全仿真的方式，将基地设备直接接入大脑。这种方式有很大的优势，可以让潜袭者比传统的肉体操作系统更加快速地处理数据及输入指令。但这样也意味着更大的风险。
01079,别问他怎么做到的。
01080,我们一直在关注。
01081,
01082,
01083,“请保持连接。优先权转移进行中。很快会有操作员来核—”
01084,
01085,进入全银河系最庞大的消费者数据库是有好处的。
01086,“空梯管理局城堡那头通知我们，有一些可疑的数据波动峰值。” —值班技术员杰罗姆·洛克
01087,
01088,
01089,能分析很棒。能分派指令则更好。
01090,"“有没有听过第22条军规？”
“提醒我忘记它。”"
01091,
01092,"“我听说每年这个时候，海岸城市很兴旺。”
“如果你从事对路的行业，全年都很兴旺。”"
01093,永攀高峰。
01094,这里将会有些变动。
01095,“如果让一些两信用点小报的报童拿到，会更加有效。人渣们可能在瓜亚基尔的巷子或波士华区的贫民窟里。甚至不在这颗星球上。”
01096,“给联邦政府的人喂些我们的剩食，他们会来乞求更多的。” —赛博防卫公司副总裁，理查德·波拉克
01097,“我相信你会发现条件非常优厚。”
01098,新洛杉机太空电梯，人称“豆茎”，是载入史册的人类工程学与独创性相结合的伟大胜利。“豆茎”使任何人都能够进入地球轨道…只需付一点小小的费用。
01099,“我想提醒新闻界的女士们先生们，在爆炸中损坏的部分建筑物是由威兰财团的子公司所拥有的…”
01100,"“有两个货箱，没有电子编号。”
“留给我处理，你就当没有看到过它们。”"
01101,下次，请更仔细地阅读服务条款。否则你可能会陷入危险的境地。
01102,“老哈德良他有点自负。不过他的建造物值得赞美。” —精神0袖
01103,“我要求防火墙像堵冰墙一样坚固。我不知道是研发中心下面的人有反常的幽默感，还是有一个咬文嚼字的脑袋。” —防卫项目副总裁，莉兹·坎贝尔
01104,谁知道在人类的记忆宝石中藏有怎样的黑暗？威兰知道。 —未署名的数字涂鸦
01105,“杰克·威兰建造了豆茎并永远地改变了人类。我迫不及待地想看我们下一步要做什么。”
01106,“如果下午6点前这玩意还没在我的终端里，头儿们就会发狂的！”
01107,“贵？当你像我们一样要保护如此大的财产时就不会这么觉得。”
01108,“矿业老板比所有下行区犯罪头目还要糟糕。三合党，4K，极道会，我不管你在下行世界遇到过什么帮派。在海因莱因只有一条法律：氦-3必须持续开采。” —逃脱的克隆体，“老”瑞克·亨利
01109,这很像你刚买的那个，但这个更好。
01110,对冲基金。名词。一种巧妙的策略，富人通过它来变得更富，其他贫穷的蠢货们则会输掉内裤。 —反叛者的字典，谁管第几卷
01111,"“喂，喂！醒醒，伙计。你呆了很长时间了。你看到了什么？”
“我…不记得了。”"
01112,".//run/hunter-tr/return=true
client/sec256IPv7->确定吗？/是
3926：0HB7：1001：2NB1：1601：7784：ERROR"
01113,“没有什么比在连接中断前，看到了蓝色美丽的数据球却够不到来得更糟了。我觉得他们就是以此故意嘲讽我们。” —艾丽·“浓烟”·斯科娃
21041,
21042,
21043,
21044,
21045,
21046,
21047,
21048,
21049,
21050,
21051,
21052,
21053,
21054,
21055,
21056,
21057,
21058,
21059,
21060,
03001,银河系中最密集的信息群。
03002,永恒不变的安卓。
03003,
03004,
03005,
03006,
03007,“为何要把我们最好的资产局限在我们自己的服务器上？敌人可不会被动地呆在家，等着我们去找他。我们何必呢？” —总裁哈斯
03008,阿历克斯模型基于一位成功的对冲基金经理，但她有燃尽的倾向。字面意思。
03009,
03010,
03011,
03012,托马斯，总裁的儿子，从他出生前就被精心培养以备继承公司。而他最中意的消遣似乎就是让他母亲失望。
03013,
03014,成功是由数据安全来定义的，而非潜在入侵者的安全。
03015,至高的国度依然禁止通行。
03016,“没错，它发出巨大的吼声。我被吓到了，然后退出。我依然觉得我做了正确的决定。” —精神0袖
03017,游戏变了。
03018,有时候你就得猜。
03019,
03020,血肉组成的头脑！它是怎么运作的？
03021,
03022,
03023,推销梦想—向他们展示他们多么想变得富有，于是他们就会说服自己总有一天，梦想会成真。他们怎么会厌恶将来的自己呢？ —《财富之新福音书》
03024,“又一个工厂，为机器制造出良好的公司苦力。虽然，他们的计算机科学系是世界上最好的。” —精神0袖
03025,“这只有5%的几率会导致通用故障。”
03026,防火墙的基本原则不是挡住所有人，而是只让一些人进来。这个防火墙隔绝了一切，除了一些特定的、会随着一天的时刻或皮秒间的连接而变换的接口。如果你不知道使用哪个接口，你就不能进入。完毕。
03027,“廉价而现成的数据保护方法。廉价是相对他们而言，就是说，并不是对我们。” —艾丽·“浓烟”·斯科娃
03028,“我不曾存在；我曾存在；我不再存在；我即存在。”
03029,“新技术淘汰旧技术。”
03030,“我可以解决。”
03031,
03032,喂哦～～！
03033,“理想本身很棒，但不能让你一直有烧牛肉炸玉米卷。” —马特·“佣兵”·托马斯
03034,彼之所弃。
03035,在前景实验室呆太久会引人注意。就是说，除非你是主任。
03036,
03037,第一次，还是会有些疼。第二次，你会毫无感觉。不过别再碰运气。
03038,给备份做备份是个好习惯。
03039,
03040,我们的想法塑造我们；我们变成我们的想法。
03041,“它们设下的丝线，无法捕捉墙上的暗影…”
03042,“…而当暗影升起，则帷幕将落。” —亡魂
03043,
03044,
03045,淹没服务器的完美之选。
03046,“确保你跟源代码交代过，你希望它编译成怎样的可执行文件。有次我离开设备几分钟，回来时所有文件已被替换成了小猫的视频。” —教授
03047,在那里，千叶莲花象征超脱幻象。在这里，它是更高阶意识的起源地。它是无限纯净。
03048,“印加人相信太阳神居住在哈南帕查，宇宙中的上层国度。他们只是不知道哈南帕查尚未被发现。” —教授
03049,有时你的装备如何昂贵，你的账户中如何有钱，甚至你作为潜袭者的技能如何都不重要。通常，你只需简单地握个手，报上大名。
03050,有些人有他们自己的卫星接收器。还有些有他们自己的卫星。
03051,“如果你了解源代码，你可以编码并击败它，或者通过微调来变为己用。这也是可行的。” —流亡者
03052,数据比她想的还要好。这个叫圣地亚哥的家伙果然明白怎么做。她开始想象自己在接下来的慈善晚宴上的大肆破坏…
03053,“我们说'数字罪犯'，他们听到'非法明星'。” —专业人士，迈克尔·穆哈马
03054,只有我，一杯雅豆咖啡以及昨晚从香港主信道上截获的数据包。我称之为一个美好的早晨。
03055,一场危险的游戏，但你值得参与。
12101,
12102,
12103,
12104,
12105,
12106,
12107,
12108,
12109,
12110,
12111,
12112,
12113,
12114,
12115,
12116,
12117,
12118,
12119,
12120,
02041,
02042,“我的强化手艺保证有效，带来的风险微不足道。”
02043,“把它想象成一个虚拟的电击项圈，用来管教公司的宠物。” —安德洛墨达
02044,轻便又贴身，就像防弹的皮肤。
02045,“告密者是女孩最好的朋友。 ” —安德洛墨达
02046,“你见过我的小神龙吗？”
02047,
02048,
02049,
02050,“我很庆幸脑部伤害是可以恢复的。在新洛杉矶市民们的支持下，我希望能早日康复，再度开展艺术创作。” —凯特·“麦克”·麦卡弗瑞
02051,
02052,别踩到我。
02053,
02054,“你没见过数字太阳沉落大都市背后的美景，就不算潜袭过。你周围的空间会荡漾着你无法想象的色彩。” —凯特·“麦克”·麦卡弗瑞
02055,
02056,“试试关掉它。去啊，看看它会做什么。” —混沌希尔瑞
02057,咚，咚。
02058,就在公司发现边缘应用的项目大部分都生产出了很有趣的玩具之后，其销售额年同比增长了37%。
02059,
02060,三个头。一个难题。
12001,“在对手最弱的时候袭击，有时意味着在你想出手之前就行动。” —爱丽丝·默切特
12002,
12003,档案员追踪着所有部落及其成员，包括部落与不同公司进行的正式交易。作为法律职员与历史学家的结合，他行使着强大的权力，来做这份其他人都不愿做，但却不可或缺的工作。
12004,"1) 找出弱点。
2) 利用弱点。
3) 再来一遍。"
12005,“所以，没错，我只是反向制造了一个追踪者，构建好然后将这几行新代码装回去。真是精彩。” —洛斯
12006,“你创建了一个分布式人工智能作为自己的复制品，然后投到网上，让它为你潜袭？！”
12007,“要击败谨慎的管理员，你得有创意。抢占网络系统就好比用他们自己的力量来对付他们。” —卡波尼萨·吴
12008,
12009,“次级方案最新作品的电子战首秀让我们这些管理员垂涎欲滴。” —梅森·贝拉米
12010,“拆卸机器。解剖机体。有什么区别吗？”
12011,
12012,
12013,“武艺的奥义之极是无需动用。” —宫本武藏
12014,
12015,“'BRE是什么的缩写？'你见过它的网络形态吗？” —柏妮丝·麦
12016,
12017,
12018,
12019,你会看到火殖地当局的参议院职员与文员在休息时间涌向孔迪广场。
12020,
09001,
09002,真相至上。
09003,星火欲燎原。
09004,机会已至，君未成事。
09005,“关键之处并非软件，而是硬件。赛博空间是物理机的集合。只要我们控制了机器，我们就控制了一切。” —基·伦·凯恩，《我们的未来》
09006,“从未有人因低估大众品味而蒙受经济损失。” —菲尼亚斯·泰勒·巴纳姆
09007,“是<strong>和</strong>否。”
09008,“新洛杉矶现场，我是莉莉·洛克威尔。”
09009,
09010,没有谁能将事实更好地埋藏。
09011,
09012,“他们会试着让你成为明星。不管你乐不乐意。” —麦斯X
09013,
09014,“如今，大部分报告可交由人工智能来处理。我们只需要名称识别方面的天才。”
09015,“在古代，'电阻器'曾是几乎所有电子设备都必需的一个元件。你懂的，那时恐龙还在地球上转悠。” —混沌希尔瑞
09016,“要不是我清楚状况，我会说他们在这笔买卖里占了便宜。” —约翰·正德
09017,//太长；不看 复制下一层防火墙上的子进程。
09018,“别进快车道！假如你只关心速度，你就已经难逃一锁，只等着挂彩了。” —精神0袖
09019,唯一比坏消息更可怕的事…
09020,
09021,
09022,“唯有掌控完美信息，方能制定完美策略。” —《战术手册》
09023,
09024,“我们用防火墙保护服务器。潜袭者们也应当如此保护自己的设备。”
09025,对于窝在沙发里看三维影像的世界而言，卢瑟福区堪称新洛杉矶的全部。
09026,“公司由人组成。认为他们全都善良或全都邪恶是荒谬的。” —桑妮·勒博
09027,
09028,用弹回率来衡量防火墙的强度很好理解。但它不是唯一的衡量指标。
09029,
09030,
09031,
09032,“与此同时，那可恶的心跳在不断加剧。它一下快过一下，一声高过一声。” —埃德加·爱伦·坡
09033,“我一直监测着该异物在新洛杉矶太平洋干线、安第斯干线及相关节点的活动。目前我尚未发现可预测的模式，甚至还无法用理论来系统地阐述该异物的本质。” —信网同步分析师，荷西欧·葛林
09034,
09035,“有一部分网域现已不再是昔日模样。我不能将手指放上去；某种东西透过脑机接口，在我的神经节里抽动着。” —里夫
09036,数据进入。无物复出。
09037,
09038,亚当举起了锤头。他自由了。
09039,
09040,生化人有两个并行运行的大脑，每一个都能运行复杂的程序。这在设定上是有一定优势的。
09041,第二指令要求生化人对其基本职能的执行凌驾一切因素之上，除第一指令外。
09042,“你看起来快要散架了，孩子。先坐会儿，我去启动弧焊机。”
09043,第三指令要求生化人维系正常工作能力，时常回哈斯生化报到以便修理升级。
09044,第一指令禁止生化人伤害，和以不作为致使伤害降临于，任何人类。
09045,“宝贝，妈咪很快就回家了。但她得先教训那些家伙。”
09046,幸好，全球保卫组成箱采购了它们。
09047,
09048,更大。
09049,更爆。
09050,炸。
09051,她接驳到服务器，刷好凭证，直接通过。所谓合法办事却有欺诈之嫌，她思忖着话中意味。
09052,“我今天来得可早啦…也可能我昨晚忘了回家。”
09053,“你疯了吗？在媒体厌倦此事并打道回府前，我们不能派出私卫。”
09054,她试图追忆他是谁。但那已经不重要了。
09055,技术正确：最佳正确。
10039,
10040,“信用点在世界各地通用，但还有其他形式的货币。”
10041,“我坚守'唯需知者知'准则。我需要知晓所有的事情。” —尼禄·塞文
10042,
10043,手段，秘密，特权与影响力都是和信用点一样有价值的货币。当然，信用点也管用。
10044,创造者。
10045,
10046,我们共有的人性是我们最强大的力量。只要我们更广泛地相通，这力量就只会增强，不会减弱。
10047,“官僚体制与繁文缛节已然武器化。” —诽基尔
10048,
10049,“我们的研究表明，公众认为克隆体比生化人更像人类。在过去，这是一个劣势。让我们将其转化为优势。”
10050,“此处并无利益冲突。这些复杂问题有着高度技术性的细枝末节。由专家来制定准则是理所当然的。”
10051,“政治是一门肮脏的生意，但生意不过如此。” —克里施南·萨林
10052,
10053,成为一名孟巴德复感影星意味着光鲜亮丽的生活，尽管这生活满是对勒索事件—甚至更糟，对黑社会行为—的恐慌。
10054,“钱会说话，而我恭听。” —克里施南·萨林
10055,孟巴德的城市公营公司与其他所有公司紧密相连。
10056,效率就是从总有人在做的事情上获利。
10057,孟巴德的政治中心。
04101,
04102,
04103,“戴森碎片激生器是一个无用的硅片；它能做的只是产生真正的随机结果。什么样的疯子会把它装在自己的基地？完全随机的数字又有什么用呢？” —约翰·正德
04104,根据摩尔定律，迭代推演一两个世纪，并加上量子计算。你会发现，你正在开发的软件会用于你同时正在设计的硬件平台。互相为彼此定制。多么令人激动的时代！ —威廉·克努特，《巴贝奇之塔》
04105,“预测性算法将为你带来所需的程序，甚至在你自己都不知道会需要的时候。我第二钟爱的宝贝儿。” —加布里埃尔·圣地亚哥
04106,新洛杉矶警察局里的确有优秀、诚实、勤劳的警探。他们尽职打击犯罪并保护无辜。所幸对于逆法者来说，另一类人的数量要远远更多。另一类人更加容易打交道。
04107,“当时我说我能在睡觉的时候潜袭，你觉得我是在开玩笑？” —混沌希尔瑞
04108,“手工代码犹如手工艺术。你看得到笔触，这让你理解画它的艺术家。然后你就能以全新的方式来看待一切。” —凯特·“麦克”·麦卡弗瑞
04109,数据猎人们总会为旧驱动器出价不菲。数据越烂，价格越高。
04110,一旦进入，唯一的出路就是穿越自己的意识。
04111,
04112,自从臭名昭著的何蒙的犯罪生涯在这里被枪林弹雨终结后，传媒广场吸引的游客们更加络绎不绝。嗯，复感电影里是这么演的。
04113,被解雇然后被更年轻、更便宜的工人取代，唯一比这个更糟糕的事情是？被安卓人取代。
04114,第一名任职为新洛杉矶警探的克隆体。
04115,
04116,“它自身不做任何事情。它只是标记你为入侵者，然后让下一道防火墙来做事。” —凯特·“麦克”·麦卡弗瑞
04117,
04118,“现在，让我们聊聊你还记得多少在六月六号到十六号间发生的那些事。”
04119,
04120,它希望自己长大后能有两个子进程。
21021,
21022,
21023,
21024,
21025,
21026,
21027,
21028,
21029,
21030,
21031,
21032,
21033,
21034,
21035,
21036,
21037,
21038,
21039,
21040,
26001,孤独的日子一天天过去，星子愈发觉得思绪受到阻滞。时间一点点流逝，静电的噪音愈发刺耳。
26002,"步骤1： 应用于问题。
步骤2： 不再有问题！"
26003,*嗒* *嗒* *嗒*
26004,"“网域中的空间是一个抽象概念，是为了照顾理解力脆弱的人们而编造出的善意谎言。不要自我设限。”
—z\h/r"
26005,唱吧，向心而行一展歌喉！
26006,
26007,挚友击破坚冰。
26008,“……至少<em>我</em>笑了。”
26009,挚友藏惧之形。
26010,“你没在听。”
26011,"“她在险境中出奇地可靠，每个人都这么说。”
—阿兹·麦卡弗瑞"
26012,蓝焰最为炙热！
26013,BMI开关让潜袭者无需离线即可登出。允许你喘口气……随时随地。
26014,想知道投硬币稳赢的诀窍么？用两面都是正面的。
26015,"v35：底座喷射器弹簧（新功能）
v36：下调弹簧强度（x5）"
26016,"“好好干活。拿好报酬。莫得感情。”
—“鸬鹚”·博奇金"
26017,"“啧，让他们扯去吧。猫知道它吃了谁的肉。”
—“鸬鹚”·博奇金"
26018,“……但我无可比拟。”
26019,让我们搞快点，然后回我那儿喝棕榈酒。
26020,你知道我这周少拿了多少外卖吗？
26021,
26022,"“从来就没有什么多余的程序。那串代码总会有自己的用武之地。如今就连公司都在争夺现成的补丁。”
—拉特"
26023,网域漫无边际，但是正确的访问端口值得驱车一游。
26024,纸上得来终觉浅，绝知此事要躬行。
26025,管理员的眼前闪烁着走马灯……
26026,"“我们赖以生存的东西很简单，其中最重要的是心怀感恩。”
—拉特"
26027,“……那么请让我为君落笔作画。”
26028,沿着屋顶的管道一路爬行，直到你抵达那老旧的网络根源。我知道这又脏又累，但是总好过循规蹈矩。
26029,我可没说你的飞跃车是拖拉机。我说的是，它<em>像</em>是要被拖走的垃圾。
26030,"“公司也是由人组成的，就是一群朝六晚六的普通上班族。应得的真相加上适时的批判，他们自会前来赎罪。”
—拉特"
26031,反射，而不是模仿。
26032,"“早期的成功应该受到奖赏，这有助于形成以自我驱动和竞争为核心的企业文化。”
—傻瓜都能看懂的企业领导概论"
26033,该单位在全部三个指令逻辑陷阱悖论中表现出.78阿莫西夫的潜在压力指数。已指令在下一次维修中加入精神诊断。
26034,在纳米机器人切割玻璃的微观尺度下，量子效应使得误差在所难免。这里一个硅原子，那里一个氧原子，不知何处又冒出来一个铒原子。所以啊，生化人也是生来独一无二的。
26035,身经百战的战士见识过所有阴谋诡计，要么去强推，要么被摧毁。
26036,哈斯居然赶在风暴来临前把他们所有未受保护的服务器都进行了加固。他们的生化人先知已经这么先进了么？还是说有人通风报信？
26037,并非所有的秘密都躺在密库里。
26038,网络憎恨真空。所有不合条理的间隙都是有人<em>刻意为之</em>。
26039,刨根究底。
26040,
26041,"“‘这是我的天性啊。’蝎子说道。”
—生命伦理与合成道德概念框架，莫泽大学出版社"
26042,兵部是保卫我们身心的先驱。
26043,"“记忆是情绪织线的牵引纠缠。只要牵住其中一根，它就会把第二根带出来，连绵不断！”
—莉希亚·次代"
26044,
26045,
26046,
26047,"那些睿智设计师因为青铜低端局的哀声载道把加农炮速攻削弱了。害得我在决赛中连丢四局。
嘛，虽然我还是赢了。"
26048,
26049,只需订阅全年份，即可享受尊贵抢先体验版！
26050,你是第十亿名的幸运访客！
26051,尽管在21世纪早期有很多国家试图监管虚拟战利品宝箱，游网却用了一些手段巧妙地避开了这些法律限制，比如公开透明的宝箱爆率……以及一群锲而不舍的游说者。
26052,“这活管饭，对吧？”
26053,现在一片漆黑。我估计你应该是当了巨魔的甜点。
26054,闪橙爆率↑！↑！↑！起充10包即送夺命汤米枪[史诗]与细纹套装[装饰]！
26055,正如文件所示，他们的财务运作已经独立运行了足有八个月。我们同样对如此重大的疏忽感到震惊，并且一定全力配合支持市政厅的调查。
26056,"“无人机是高精度仪器。所造成的意外伤亡都是些没明说的目标。”
—“死钳”·威尔森队长"
26057,"“总有某些人间关怀，是安卓人永远无法取代的。”
—米拉·布劳恩"
26058,先做出选择。然后波函数坍缩。
26059,高效，廉价，耐用。三选其二。
26060,
26061,"控制服务器。收容感染。保护数据。
—技术安保准则"
26062,
26063,此次轨道断裂事故与其他危机并无二致。一如既往，管理层的第一反应是先找一位背锅侠。与保住自己的饭碗和主管的面子相比，把食物送到中途站或者把氦-3送往地球的医院都是些无关紧要的琐事。
26064,"“有赖于诸位的慷慨解囊，空梯管理局已经在太平洋沿岸上种植了超过八百万棵树。让我们协作起来，一起重现新洛杉矶的往日荣光。”
—伊丽莎白·米尔斯"
26065,
00005,过往即未来。
00006,“这场战争远未结束。”
00007,
00008,
00009,
00010,
00011,
00012,
00013,
12041,
12042,
12043,
12044,
12045,
12046,“谁说你不能把新伎俩教给老破解器？” —精神0袖
12047,
12048,
12049,
12050,
12051,
12052,
12053,
12054,
12055,
12056,
12057,
12058,
12059,
12060,
11041,
11042,在绝境中，良知或使你变得可怕。 —奥马尔·姜，《闪点》
11043,
11044,可汗的虚拟形象抬起手臂，猎禽跃起飞向空中。
11045,我的头脑是解放我心智的钥匙。
11046,“直播，零过滤，无审查：这里是默库尔网台，今晚的广播到此结束。注意安全，新洛杉矶。”
11047,所有生化人都受三指令的约束，但理论上一个生化人可以有任意数量的核心指令。甚至是零。
11048,“上周，我过马路只为躲开她。今天，她将我从瓦砾中救起。这让我反思坏人究竟是谁。”
11049,在战场上，我带走一半的亡者。
11050,“如果你住在场外，请向建筑人工智能咨询临时住房。封锁期间，我们很遗憾场外的亲属不能与你在此会合。”
11051,“等一下。我根本就没养猫。”
11052,
11053,当你的身份被打上基因档案的标注，其实也就不存在“隐私”了。
11054,人性向善。
11055,“她曾经在我的拆卸店为我打工。现在她赚的钱比我还多。” —麦弗逊
11056,观察很有趣，但它只是一道开胃菜。
11057,
11058,游戏结束。
11059,
11060,该事件如今被称作“水塔惨案”。一直没人被控诉，也没人知道是谁给对此事负责的私卫付了酬金。
04081,"喜悦的瞬间。成功的感觉。决意的确信。
接下来呢？"
04082,给数据放血是艺术更是科学。放多了你会拿到通向死亡的单程票，放少了你还不如去潜袭一个空服务器。
04083,坚持你的计划，你会没事的。坚持计划。
04084,“如果你需要更有经验的人，来找我。” —侧影
04085,专注精神的力量是一种超越理解的力量。
04086,“对一个作出如此激动人心的产品的公司来说，赛博方案真是一个乏味的名字。他们的内存芯片内部有相当复杂的东西，并且我经常听说有关他们人机植入体的好消息。我甚至还听说他们大约一年前已开始着手打造自己的安卓人。不管还会发生什么我都想知道。” —凯特·“麦克”·麦卡弗瑞
04087,起源…
04088,…和终结？
04089,
04090,蓝色一级许可并不存在。就算它存在，你也没有许可知道它。
04091,
04092,
04093,“数字战争”是信息的战争，而在信息的战争中，预先警告和致命一击同样优秀。 —迈克尔·穆哈马，《数字犯罪沉思录》
04094,他慢慢地启开盖子，短刀在暗光下闪闪发亮。主管示意了一下刀刃。看来这次会面就此结束了。
04095,
04096,“它可以变成一个很棒的过山车，假如你药嗑得正合适。” —噪音
04097,地理战略研究及新热能研发实验所
04098,“我警告过你了，这个漏洞会打补丁。”
04099,地新研发所冶炼厂处理着在液压流程中开采出的各种稀有元素。
04100,
10096,
10097,毁灭者。
10098,“他们听不进去，所以我们只好调高音量。”
10099,
10100,
10101,
10102,
10103,“如果敌方把控了战场，改变战场。” —《战术手册》
10104,“现场特效可贵了，但很值得。就为这一个画面，我得弄碎十七个特技生化人。” —导演帕瓦蒂·卡普尔
10105,它们吃我们，我们吃它们，这循环永不停息。 —奥马尔·姜，《闪点》
10106,
10107,我们知道你想要什么。
10108,那些戏服并不是绝对必要的，但它们能提升虚拟演员与复感影星的表现。
10109,
10110,孟巴德的娱乐之都。
10111,
10112,“政府班子的更替意味着我们要重新疏通关系了。开始干活吧。”
10113,合理地利用自由职业者可以提高效率并为公司免除法律后果。这就是他们所谓的“共赢”。
10114,“适者生存”太过时了；在金融界，“大者生存”。 —奥马尔·姜，《闪点》
06041,创生于哈斯生化脑数据库里数以百计最智慧人类的脑扫描图之融合，它的威力只受限于自身想象力不足，或者是使用它的管理员的想象力不足。
06042,伊莱莎的寻欢所是月球上顶级酒色的主要提供商，这归功于它的寻欢生化人模型和其他新奇的玩意。美梦皆有价位。
06043,有人相信九尾狐是天使的化身。于是有人随之而去，发现了她的秘密…
06044,该港最初的建造目的，是作为一个倾卸危险重罪犯的边远地区。
06045,有报道称星际港辉夜存在恐怖分子威胁。任何提供图中人士目前下落信息者，新洛杉矶警察局将给予奖赏。该嫌疑犯被认为是极度危险的，现持有一台掌上面板和便携式设备。
06046,
06047,
06048,要是没有位于阿格鲁姆海角的加加林设施，火星就永远不会被殖民。
06049,讽刺地说，那些想要消除某种记忆的人们付不起费用，而那些付得起的—好吧，他们忙于啜饮梦醑。
06050,
06051,他即挥舞英勇利剑之士。
06052,“我们为何要做自己基因遗传的奴隶？”
06053,所有过于轻率以致碰见它的管理员都倒大霉了。
06054,直接从月岩凿刻出来的道阁酒吧，是个广受蓝领贫民及游访贵族欢迎的地点。一个你能找到自己追寻之物的场所—假如你知道要找谁，且不为精力旺盛的舞者们分了心去。
06055,
06056,“我可以给你弄到任何东西，并保证是城内最优价。”
06057,“如果你看起来人如其表，人们就会几个时辰或是几年都不会注意你。只有当你显得格格不入时，事情才开始变得不同。” —流亡者
06058,曾经有过好几次建立“普世教会”的尝试，要将全人类的信仰同和为单一、和谐的整体。当然，讽刺之处在于每个新的“普世教会”又都是全人类共享的宗教体验中的又一次分裂。
06059,
06060,"“这位是瑞秋·贝克曼。她的职责是保住人们的性命。”
瑞秋笑了。“仅当我的职责不是杀了他们的时候。”"
12081,
12082,
12083,
12084,
12085,
12086,
12087,
12088,
12089,
12090,
12091,
12092,
12093,
12094,
12095,
12096,
12097,
12098,
12099,
12100,
02101,
02102,
02103,数据逆流，简称DLR，是个解决单向问题的双向对策，但这其实是个误称。实际上它并没有逆转数据，只是向初始来源建立了一条平行的点对点连接。
02104,你相信有仙灵吗？
02105,"“我们始终乐意提供帮助，圣地亚哥先生。”
“非常感谢，李先生。”
“我们会保持联系，另外，加布里埃尔…”
“怎么？”
“不要离开城市。”"
02106,隔段时间来一次小小的公司重组是有必要的。
02107,在你自己桌上工作的效果最好。
02108,
02109,“新洛杉矶是现代文明的瑰宝，其政府让他国羡慕不已。” —市长威尔斯
02110,“这违反了规则。创造者会发怒的。”
02111,以豪华飞跃车和美味酸泡菜而闻名。
02112,“我会为您服务…一阵子。”
02113,“看起来有人不听话…”
02114,*可能有部分限制条件，扫描本卡牌以发现更多讯息。
02115,
02116,
02117,一道亮光绽放，随后控制台熄灭。这时她闻到了烟味。
02118,他们被称为专属不是没有原因。
02119,“如果非要我用一个词描述这虫子，那将是'他X的烦人'。” —魔术师
02120,有许多方法可以赢得公司大战。其中一种是拿出火箭炮。
05001,演化新生。
05002,尽善尽美。
05003,
05004,
05005,“你不会感觉到它。也不会有别的感觉，就此而言。”
05006,
05007,
05008,
05009,雪白粉刷的墙壁消失，出现一座漂亮的禅院。这都是幻想，但它是令人舒适的幻想。
05010,
05011,
05012,由于战争后城市的迅速扩张，天马克隆体成为人间会社第三热销的生产线。他们无与伦比的反应速度、安全性以及准时性，使他们成为航运和交通业务的首选产品。
05013,
05014,“我们齐心协力，几乎从这个星球上消除了自然疾病。但全新的人造疾病—还有生物恐怖主义的幽灵，让我们必须继续前行。”
05015,
05016,受困于自己的世界，麻痹的潜袭者甚至无法退出。
05017,
05018,汪汪！
05019,当你被锁在自我意识的城堡里时，要小心你将打开的每道门。
05020,赛博空间的某些区域由单独的数字存在体支配着。潜袭者称它们为“神祗”，只有奇迹才能救那些蠢到闯入它们地盘的人。
05021,如果去日本，你往往逃不出新东京无限蔓延的城区。
05022,半藏被称为赤女，她因保护服务器的手段残忍而声名狼藉。
05023,
05024,他的视野角落边缘闪出一道亮光。他感到一次重击，令赛博空间里的操控器松脱了。蜘蛛讨厌这样。他通过入侵内部服务器，应该略过了外层的防火墙。又一次重击，他的整个形体都随着轰隆的波动而震荡。他绝望地去摸自己的手里剑…
05025,国家数字安全武装部发布的年度防火墙评估会比较防火墙的规模和维护费用，始终将高分给予那些相对效果最强烈的防火墙。批评国家数字安全武装部的人则指出，登出率才是判断防火墙的最重要指标。
05026,雅豆的销量即便在最偏远的市场里也得到了令人瞩目的增长。
05027,职员们越是长时间不看末日计时钟，他们的脑海越是充满钟声的侵扰，而匆匆一瞥则只是强化他们已知晓的事情：时间紧缺。
05028,“真相是一个善变的情妇。”
05029,“努力跟上。”
05030,“别浪费我的时间。”
05031,工作的效果取决于它最薄弱的一环。真要感谢琼斯女士永远那么准时。
05032,天马克隆体擅长多线任务，它们的大脑专门定制为并行处理方式。
05033,克隆体惊讶地看着红夹克的男子。这就像是在照镜子，只是镜子里的人看起来…很酷，很自信，很有性格。
05034,斯特林穿过了一层张牙舞爪的防火墙，进入服务器。他赤手空拳…或者只是看起来这样。
05035,“我只通过熟客介绍来工作，并且是预先收费。如果你看重结果，这些收费很公道。” —侧影
05036,
05037,
05038,快车很喜欢图书馆。终端很烂，但防卫则更烂。他通过无线方式将自己的个人混合代码载入并开始复制驱动器。仅需要几分钟，又一台僵尸电脑将会出现在赛博空间边缘。
05039,
05040,裂口彼端的草更加翠绿。总是如此，也总会有另一个裂口。
05041,在赛博空间里改变外貌很容易，但仿造一个高质量的渲染器就不那么容易了。
05042,
05043,贴壁苍蝇的数码等价物。
05044,试试来抓我呀！
05045,如果速度是精髓，那么一般情况下，最好是和防火墙进行间接的遭遇。
05046,只要你拥有合适的文件，没有什么是绝对安全的。
05047,
05048,她就像李先生所说的那么厉害。核心机器不到24小时就被攻破。如果一个自由职业者可以做到这样，那这个服务器显然没准备好对抗加加林军团的那些受雇于公司的潜袭者。
05049,“乌鸦为什么像写字台？”
05050,"她跳回自己的飞跃车。“我现在算你的家人，所以不准惹我，懂吗？”
他吐掉嘴里的电子烟然后点头，他到底给自己找了个什么的麻烦啊？"
05051,“欢迎进入集群安装向导！本向导将指引您将一大堆程序安装到您那几乎肯定不够大的基地里。如果您准备好，请说—哎呀，太迟了，我们开始吧！”
05052,量子计算的核心问题之一，是让系统能够隔绝外界参数，以避免退相干效应。量子相干芯片是一个，尚不完美的，解决方案。
05053,
05054,“最适合藏身的地方就是在众目睽睽之下，你不觉得吗？”
05055,每周四下午，你可以在公园里找到正在玩双陆棋的多奈特。你想引他注意的话，花费永远不变：一杯咖啡和一个甜甜圈。这会让你能坐在双陆棋桌边，然后你得在他杀败你之前谈妥生意和价码。
02081,你必须大叫“增幅”来让它完全生效。
02082,"群来欢呼，慎敬！慎敬！
何比目之凌光，散发而飘扬！
众当拥戴，恭维三匝于周遭
闭目以听，诚恐诚惶
彼曾啜得，罡蜂之甘露
更饮仙醪，汲天河于滥觞！
—塞缪尔·泰勒·柯尔律治"
02083,“我最擅长潜袭。”
02084,她偏爱在夜总会谈生意。灯光和舞女，会干扰与她见面的公司傻帽们的判断力。
02085,如果你没有内线帮忙，就找一个喜欢桌面饰品的内部人员。
02086,
02087,她看着电脑面板。我看着我的设备。灯光昏暗。爵士乐轻柔。爱情绽放。
02088,你真的还需要一个？
02089,“小蜘蛛爬呀爬，爬到数据水管上…” —混沌希尔瑞
02090,早期海怪的阵势表明它们是群饕餮无厌、吞噬冰墙的怪物。至今没什么大改变。
02091,“你并不是新洛杉矶唯一的一类潜袭者。”
02092,
02093,又称“开发者地狱”。
02094,“这防火墙太扯了。” —精神0袖
02095,不管看起来如何，北斋网阵是人间会社最声名狼藉的研究设施。
02096,嗅嗅。
02097,屏幕一个接一个，密切关注全世界。
02098,你已经不再在堪萨斯了。
02099,“一次性完成工作才可谓正确地完成工作。”
02100,“有点像个变位词。” —设计师菲尼克斯
11061,“趁你的对手脆弱时，出击。倘若你按兵不动，对方就将变强。” —《战术手册》
11062,奥马尔每周都要用掉四五个键盘，它们全都来自不同年代。
11063,
11064,“盘旋高飞，赛博空间的所有特征尽展眼前。”
11065,“以前我运送兴奋剂和虚拟复感作品，常见的东西。我是个败类。现在我运送水。我特么成了英雄。”
11066,“我可没有袖藏妙计…”
11067,“我经常在那里面发现有趣的事物。只是它们并非我要找的东西。”
11068,个人魅力须胜过道具。
11069,“把这个带给网络犯罪部的伊内兹·德尔加多。别给其它人。”
11070,“危机期间，星光冥想室向所有避难者免费开放。”
11071,“我远程遥控生化人去巡逻，以让他们看到痛苦的真实模样。” —特工瓦尔基里
11072,
11073,“和极道会的联盟真的看起来很奇怪吗？他们都是可敬的商人，包括女商人，就像我们一样。” —新洛杉矶防卫队长，木村凛
11074,“不要抬头，不要停下，尽量不要引起注意。”
11075,
11076,"Falstaff-337B; decrypt-ok; loc：0.258500,-79.920791 -ok; auth-ok; msg：KAR杀伤权限请求中 y/n?"
11077,
11078,
11079,热战即将爆发的时候，审慎的做法应是先开枪。
11080,“场地安全。你可继续。”
10001,“虽然反企业运动有过诸如红袭浪潮的先例，但新的这次不一样。它是有组织的。” —拉梅什·古普塔，《世界一体经济》
10002,
10003,最厉害的戏法不是戏法本身，而是让人相信它并非戏法。在普通管理员看来，这是魔术。而对普通潜袭者来说，这是少数人的行业机密。
10004,
10005,要吓唬住一只猫鼬是天底下最困难的事情，因为他从鼻子尖到尾巴梢都充满了好奇。所有猫鼬的家族格言是：“快去看看是怎么回事。” —鲁德亚德·吉卜林，《里基-蒂基-塔维》
10006,“镜像模式开启。”
10007,
10008,“基础知识就像你小时候听到的那些故事—未曾察觉也不会忘记，却在最不经意的时候突然有了意义。” —精神0袖
10009,“人制造一件有用之物是可以原谅的，只要他不爱上它。人创造一件无用之物的唯一借口是：他热爱着它。” —奥斯卡·王尔德
10010,自其殿堂诞生出软件工程师的大军团。
10011,“我不要飞跃车。我甚至从未拥有过一辆。但每次我接入潜袭，那该死的广告又在加载。” —2x虎
10012,
10013,只有尊重过去，我们才能建设更美好的未来。
10014,
10015,“一项有两个或三个小时的新资产。如果卖不出去，剪掉然后继续。”
10016,
10017,“在你有东西可炫耀之前，别急着剪彩。” —全球扩张项目副总裁，埃塔·沙阿
10018,智者浅知。
10019,“现在我们看到的是北极熊，曾是地球上最大的陆生食肉动物。”
21101,
21102,
21103,
21104,
21105,
21106,
21107,
21108,
21109,
21110,
21111,
21112,
21113,
21114,
21115,
21116,
21117,
21118,
21119,
21120,
23001,<champion>由2017年欧洲锦标赛冠军Mike Sheehan设计</champion>
23013,<champion>由2017年GenCon锦标赛冠军Sam Suied设计</champion>
23045,<champion>由2017年世界锦标赛冠军Jess Horig设计</champion>
23054,<champion>由2016年世界锦标赛冠军Chris Dyer设计</champion>
23027,<champion>由2015年世界锦标赛冠军Dan D'Argenio设计</champion>
23011,<champion>由2016年GenCon锦标资冠军Dan D'Argenio设计</champion>
23100,<champion>由巨作第1日A组玩家设计</champion>
23101,<champion>由巨作第1日B组玩家设计</champion>
28001,<strong>由2017年欧洲锦标赛冠军Mike Sheehan设计</strong>
28002,<strong>由2017年GenCon锦标赛冠军Sam Suied设计</strong>
28003,<strong>由2016年GenCon锦标资冠军Dan D'Argenio设计</strong>
28004,<strong>由2017年世界锦标赛冠军Jess Horig设计</strong>
28005,<strong>由2016年世界锦标赛冠军Chris Dyer设计</strong>
28006,<strong>由2015年世界锦标赛冠军Dan D'Argenio设计</strong>
04041,“分析棋局没有帮助。你错就错在以为我们在进行同一盘游戏。”
04042,
04043,“机动作战”理论倡导让敌人猝不及防。它在赛博空间和现实世界一样有用。
04044,
04045,洞察是战斗成功的一半，但只是简单的那一半。
04046,借助现代化的助理，数据可以在没有人脑介入的情况下被过滤、分类、标识，甚至出售。实际上，考虑到一次成功的潜袭中会有数以泽计字节的数据涌入基地，人脑用户可以被视为无用的摆设。
04047,网阵的核心。一个炫目的光球，能量充盈，火焰熊熊。黑暗领域里唯有数据的字节闪烁着。从未有黑客敢接近这核心，除一人外。他归来时带着闪耀的代码，带着由核心之焰点燃的火炬。赛博空间不再黑暗，精神0袖的传说诞生。
04048,外表是会骗人的。
04049,"“弗林特？他是个废物。无能、酗酒，还浪费部门的时间和金钱。” —新洛杉矶警察局警探路易斯·布莱恩
“我的私人调查员列表上最棒的警探之一。” —新洛杉矶警察局长官理查德·哈里森"
04050,就算是虚拟的球，如果不说“前面当心！”也会被认为不礼貌。
04051,我不是来玩游戏的。游戏结束了。
04052,“我看到一个读数，它…超出了记录。不，它碾压了记录。这也记为超出，对吧？”
04053,
04054,它的美丽一如它的危险。而它极其危险。
04055,谁来监视监视者？估计是另一个摄像头。
04056,
04057,快速念出来。
04058,
04059,它受压即折。
04060,“他们是唯一比克隆体便宜的劳动力。”
11081,事实永远就在表象之下，然而没人愿意知晓真相。 —奥马尔·姜，《闪点》
11082,“切莫逗留过久，以免招人厌烦。” —安德洛墨达
11083,她在潜袭中分析与适应的能力近乎超自然。
11084,选择只是一种幻觉。
11085,“在幻术和潜袭中，它都是最基本的要素。两种情形下，它都应该是你最先掌握的技能。” —艾丽·“浓烟”·斯科娃
11086,“原本认为，冲突区周边的网络破坏能对该现象产生干扰。显然，情况恰恰相反。” —信网同步分析师，荷西欧·葛林
11087,这是我的USMC-XOB32。虽有很多相似的，但这一个是我的。
11088,“她骑着大铁臼，以杵驱驰，边飞边用扫帚拂去留下的痕迹。” —《美丽的瓦西丽莎》
11089,
11090,在派遣航母编队实施禁飞区之前，朋友会向他们的朋友发出预警。
11091,
11092,
11093,
11094,//连接终止
11095,真理如阳光普照。
11096,“保持冷静是拿不到报酬的。”
11097,
11098,在地狱里有个特别的位置，留给第一个在赛博空间布雷的人。
11099,步履响叩，巨棒在手。
11100,“让上街的平民都离开。不许再有间接伤害。” —道恩警监
33001,等待不解决问题。危机就在眼前；选边站吧。
33002,"我们都一无所有
安卓人也是战友
再不歇就要怒吼
老杰克听到没有？"
33003,我们可以改变世界，只要我们乐意以被改变为代价。
33004,反应式植入体会收回我们倒下同志们的记忆。他们的牺牲将成为我们的护盾。
33005,三寸之舌，强于百万之师。
33006,
33007,他缄默不语，但我清楚他想从我这里得到什么。
33008,“作为工会代表，有时需要采取更加……直接的行动。”
33009,星星之火，可以摧毁数以亿计的信用点……也可以燎尽蹂躏我们世界的腐朽。
33010,一切都在折叠，反复折叠；合二为一。
33011,缺陷中同时蕴藏着美和机遇。
33012,聆听的最佳时机，就是他人聆听你之时。
33013,姥姥会感到自豪的。
33014,以最轻微的点触，盗取信用点。
33015,
33016,让我来给你翻一块地毯、一条鱼、一段神奇的故事……
33017,细粉咖啡的丝滑，焦糖的香气，火焰的温热。这是我永不忘怀的每日仪式。
33018,"“用眼睛去瞄准。用意识去射击。用灵魂去破解。”
—幻日"
33019,后退一步。寻找掩护。前进两步。如此反复，安全永驻。
33020,如果我们能从我们的安卓人表亲那里学到些什么，那就是没有通向完美的捷径。做决策前请三思。
33021,海洋是万物之源。海洋的呼吸必须保持纯净和健康。
33022,
33023,
33024,伊迪才不管那些嘈杂的声音。只要能待在主人旁边，她就感到心满意足了。
33025,
33026,
33027,在网域空间中，可以根据需要操纵有形空间，而防火墙的开发很少会考虑到流体动力学。
33028,“为首的是他，然后是斯镐特、琼斯、帕克、布卡、斯奎、布茨……你懂的。”
33029,"“我们为什么会在这里？除了我们，还有其他人会进行这些独立测试吗？”
—帕德玛"
33030,每艘船都是一户人家，而每户人家都需要一颗心脏。
33031,对于有史以来最发达的人工智慧而言，古代悖论只不过是儿童故事。
33032,"“午夜-3型生态屋散发着诱人的温暖，掩盖了内部支离破碎的承诺。等待着你的是契约奴的生活。”
—幻日"
33033,"“崭新的住宅、安全的工作和友善的邻居，这些承诺将会吸引成千上万的生态难民，无论他们来自世界的哪个角落。”
—图勒员工手册"
33034,"在人类技术员无法达到的深度，的里雅斯特型代理生化人能够以无与伦比的精度操纵思维空间。
<strong>由2019年世界锦标赛冠军Oliver “Pinsel” Siccha设计</strong>"
33035,"终止本次潜袭。
终止本次潜袭。
終止本次潜袭。
终止本次潜袭。"
33036,
33037,网络带来指数增长。
33038,<strong>由2018年北美锦标赛冠军Sam Suied设计</strong>
33039,某些测试需要非常<strong>特定</strong>的条件。
33040,"“尊敬的客人们，在本次展示中您将看到，灭绝，如今已经变成了一个暂时性状态。”
—万象·基林"
33041,毫秒之间，猎物与海水一同被吸入。
33042,<strong>由《北极光》循环游戏测试员共同设计</strong>
33043,空灵的美，交织着最优雅的毒素。
33044,数字垃圾是它们的食物，而你永远不应该站在一只蛮物和它的食物之间。
33045,请勿践踏海草。
33046,一生万物。
33047,病毒、潜袭……对它们而言，一切都是食物。
33048,政治新闻，面向大众。
33049,趋势线持续走高……直到我们不再需要它走高。
33050,唯一在变的是制服款式。
33051,"“转告一声，德拉戈主管想找他们谈谈。”
<strong>由2019年欧洲锦标赛冠军Aaryn “Drago” Byrne设计</strong>"
33052,他们说只抓一把，但却没说他们的手有多大！
33053,昔日的威名如今已成秋毫之末。他们的遗产已碎如烟尘，被一扫而空。现在，我们才是真理的裁决者。
33054,完成女巫安排的任务是小事一桩，因为瓦西丽莎有妈妈给她的魔法娃娃。
33055,“进门前请卸下录音设备！”
33056,横跨鄂毕河两岸，这座大都市寄托着对美好明天的希望。
33057,报价与否，尽皆取之。
33058,"“不必担心，董事们，防卫所随时愿意派特工去协助进行激进的资产重新分配。”
—雅科夫·阿夫达科夫"
33059,无论你占有了这片土地多久，你最好希望这地底下没藏着些值钱的宝贝。
33060,
33061,迷惑潜袭者，让他们看不透我们的真实意图。
33062,几百年的军事战术凝聚成单一的实体。
33063,不要放过任何有价值的东西。
33064,<strong>由2020年亚太锦标赛冠军Eric Keilback设计</strong>
33065,确认。接触。诱捕。反间谍活动一向如此。
32001,
32002,
32003,
32004,
32005,
32006,
32007,
24001,
08081,“你可曾注意到事物在不断地循环？现在很酷的东西以前就很酷。这就是我全都有备份的原因！” —太空喵公主
08082,在其问世之前就知道了一切，你不反感吗？
08083,“只是一堆给观光咖的仿货。真正的策划药品可不会在街上开卖。”
08084,“我告诉过你要把我的号码弄丢！”
08085,一旦你在网上出了名，你的生活就不再属于自己。
08086,“我的沙鼠都能写出更好的剧本。”
08087,“是呀，我们知道她究竟在哪儿。只需打开私事热！”
08088,“这是我们史上翻版最多的资产。干得好，诸位。”
08089,
08090,我警告过你了。
08091,
08092,你的幻想之乡。
08093,
08094,就像致命行动3，只是有更多爆炸。
08095,
08096,
08097,
08098,
08099,有时公司得放弃计划，但那并不意味着他们不能从中牟利。
08100,"外景. 堪萨斯 - 白天
桃乐茜（米兰达）眺望着地平线。
突如其来的一阵风撩起她的发丝。气浪扫过的大草原上，不祥的雷雨云正在迫近。
桃乐茜：要是我不再在堪萨斯就好了。
她开始哼唱一段令人难忘的旋律。"
04001,“尽管哈斯生化夸下海口，不过生化人叛乱并非不可能。只是这非常危险。” —噪音
04002,
04003,
04004,
04005,原理很简单，水滴病毒会从他们的账户把资金碎片吸入你的账户。
04006,“一开始我是为别人设计的这个，但它太好用了，所以我决定自己留着。” —凯特·“麦克”·麦卡弗瑞
04007,“如果这防火墙想得到自由呢？” —芮尔·“姬特”·佩德拉
04008,正常的人—理智的人—是不会从事数字犯罪的。谁能说清是什么驱动着疯狂的头脑？想象中的被轻视，归咎于外因的个体挫败，抑或是对金钱永无止尽的渴望？ —迈克尔·穆哈马，《数字犯罪沉思录》
04009,“我整天都在线和这些妞儿们聊呢。别担心，关系很清白，我保证。”
04010,谁想开战？
04011,次级方案的防火墙产品是一套让入侵者望而却步的安全防火墙，为您提供慧眼之选。
04012,当米兰达·瑞普瑟迪展示出茶具般大小的长颈鹿时，顿时人人都想要一只。
04013,奥秘箱是一个看起来类似数字化谜盒的普通屏障防火墙。特殊的地方在于它能随意地卸载并安装到另一台服务器，在出其不意的位置架起屏障，给予入侵者一种奇特的既视感。
04014,“新闻工作的要诀就是在街头巷尾总能找到更好的故事。很快，他们就会在别处发现热点，然后世界就忘了你。但我并没有忘记。” —教授
04015,“确保我们的产品成为未来消费者们最佳的伴侣和教育娱乐方式，是我的职责。”
04016,
04017,把水灌入深海的地热口会产生大量能量。一种有利可图的副作用。
04018,
04019,您的免费试用已经过期。是否升级到完整版？
04020,“传说中的犬灵是众多'黑狗'神话中的一例，常见于盖尔语和英语社会群体。有意思的是，当它被传播到网上，作为一个程序存在时，它仍像故事里写的那样，继续猎捕着粗心大意的人。” —教授
07001,永世警醒。
07002,飞向群星。
07003,一路向前。
07004,
07005,
07006,暴政扎根之前，必须将民众从中解放。
07007,“相信我，我知道我在做什么。”
07008,“有了分布式系统，重组资产不再损失效能。” —威廉·克努特，《巴贝奇之塔》
07009,“这可是绝无仅有的机遇…”
07010,未来领袖由此起航。
07011,董事会里总有陌生面孔。
07012,系腰撼兮石迸陨。
07013,越光扉兮彼降临。
07014,星荟蔚兮弓满引。
07015,觅矢标兮发必擒。
07016,
07017,“有次我直接通过了一个，它刚开始似乎没有动静。等我退出潜袭，才意识到他们正在突破我公寓的大门。” —瓦伦西娅·埃斯特韦兹
07018,“绝对是咬文嚼字” —防卫项目副总裁，莉兹·坎贝尔
07019,
07020,
07021,"1.1 更新：
-修复了一些稳定性问题。//或许"
07022,“交通就是要命。”
07023,
07024,值得去做的事情值得再做。
07025,“看着他们撞上谜团之后被迫退出真是有趣。” —独立防卫专家，格雷斯·拉马尔
07026,
07027,
07028,“我唯一的遗憾便是安卓人无法感受我的憎恨。”
07029,“我*你妈*！”
07030,“每个人都应当有机会，无论谁。”
07031,“人类大脑的能力顶多开发了四分之一，对吧？” —麦斯X
07032,
07033,没人知道自己想要什么—尤其是他们。
07034,
07035,
07036,"""您好感谢您视联美佳购我是卡萝请问您需要什么？"""
07037,
07038,
07039,
07040,啊呜 啊呜 啊呜。
07041,“只要你的嗅探器找到了服务器用来销毁自身数据的协议，你就能仿冒出这样的协议，就会有好戏看了。” —吉·“噪音”·雷利
07042,“我们建造了网络，可后来网络进化了，我们能确信它真不是生命吗？” —精神0袖
07043,
07044,一个能让数据永远消失的小黑匣。
07045,“他的衣柜传来令人恶心的气味，他希望这回只是一只老鼠。”
07046,“技巧是记住每根条上你载入了什么病毒，所以我在上面画了表情符号，这样我只要记住每个表情代表什么符号就行了。” —太空喵公主
07047,“将你没有行为的信心指给我看吧，若你可以。”
07048,“他们让我知道自己还未破碎。不论我失去多少肢体，我依旧是个完整的人类。那些机器傀儡，以及任何把效率和利益看得比人命还重要的家伙，都是我们的仇敌。” —爱德华·金
07049,随着阅读器照亮，她的心越跳越快。就在这儿，豆荚从14日起就未被重新编写过，表明这是一次重大过失。
07050,“别担心，我。你不需要垂直停车。” —吉·“噪音”·雷利
07051,她的眸色如梦似祸。
07052,网域里漂浮的代码碎屑可以凝成数据池。代码在这原生汤里分裂，重组，变异。进化。
07053,众所周知，潜袭者软件都是粗制滥造而缺乏测试的，并且地下网络没有技术支持。通常，它能用，但有时候一次全新的安装是必要的。
07054,
07055,“有时我爱用废报纸来叠纸鹤。清空大脑释放潜意识，有助于我思考。我觉得这道理也适用于我的基地—让它保持忙碌，它就会给我赚点小钱来排忧解难。” —绿咬鹃
33066,“我的罪责是毋庸置疑的。”
33067,"“我答应过会回来救你的，不惜一切代价。”
—艾萨·阿方托夫"
33068,随着与战利品步步接近，蒙獒感受到碎冰滑过其神经突触，烁出耀眼的炽热。但这值得。
33069,
33070,阿巴契寄宿在每一层我所见到的防火墙上。
33071,安静。我需要集中注意力。
33072,放弃你愚蠢的控制理念吧。
33073,我赐予你们学识，你们可以用它来控制任何威胁。
33074,“有它俩在我身旁，我保证绝不失败。我可以承受任何痛苦，只要所执着之事有其意义。”
33075,“罗斯拉维茨第二协奏曲。致命，杰出，迷人。演奏大师的完美谢幕。”
33076,“我可能会鞠躬，仿佛完成了看似不可能的成就，但事实是这并不难。”
33077,毒药比利刃刺肉更深。
33078,
33079,"“天顶植入体帮助你专注重要的事情。”
—安培的全息广告牌"
33080,重复的音符、灵动的手指、刺绣的韵律……所产生的音强总是别无二致。
33081,"“我选不出最喜欢的那只。他们都是乖狗狗。”
—纽纱·“黑貂”·辛塔什塔"
33082,
33083,能在世界上找到一个我绝不会再来的地方，我说真的，这绝对是一种解脱。
33084,"“给灵感一些时间，它会自己浮出水面。”
—阿碁来得·贾"
33085,外人在讥讽，安培竞没人记得是谁发明了这些小玩意儿。但在公司内部人员看来，这是再正常不过的事。
33086,它不像咖啡那样令人愉快，但效果却好出几个量级。
33087,"“你是说，它的功率量词念‘京’？”
—帕德玛·伊斯比斯特船长"
33088,北极熊从不离开，而是潜伏伺机，等待下一场狩猎。
33089,
33090,每台设备都需要一个动力源。这台桨叶转速2马赫的怎么样？
33091,很少有结构能触及深网，但这些古树的根比想象中延伸得要远。
33092,“海浪之下的另一个世界，正在我们谈话间消失。我想测绘它，趁还不算太晚。”
33093,我找到了被藏在月亮上的孪生体。现在我们再也不会分离了。
33094,"她领导，其他人跟随。
一直以来都是大姐最强的后盾。
她是个典型的中间娃，真的。
和他的姐姐们一样勇敢。
她很小——但可凶了。
看这个小宝宝，甚至她都能帮上忙!"
33095,加入我们。安全，远离危险。
33096,扭曲你底下人的心智，让他们无法离开你，这样才会保证永久的忠诚。
33097,每个人都记得自己存档的第一盘磁带。
33098,"它发出如此原始、如此极巨的噪音，回荡在船上的每一台监测装置中，直击帕德玛的核心。
戴格也发出了嘶嘶声。"
33099,声音从深处传来：伴随着他们的每一次心跳，颤动、砰击、渐响。
33100,有时候，他们想让你知道，他们什么都知道。
33101,你以为你呼吸的是空气？
33102,"“严格来说，这超出了我们的权限，但我们知道我们的武器来自何处。它们沉睡在久普斯塔德，直到我们唤醒它们。
—亚伦·亨德里克"
33103,只有少数员工知道他的存在。只有更少数的员工知道他其实是三个人。
33104,让自然母亲与时俱进。
33105,"“通过阻断它们身体产生各种必要酶的能力，我们确保了它们的忠诚。如果它们不每月回来进行补给，它们就会死；就是这么简单。”
—万象·基林博士"
33106,她的数字从不说谎，但解释性文字却不是由她来书写的。
33107,其镰刃和步态显露出一种优雅，但随之而来的是呼啸的旋风。
33108,明蛤经历了几代网络的变迁，但现在有传言说，某种来自海洋深处的东西正使它感到焦躁不安。
33109,"“马特，有个大家伙朝你这儿过来了。马特，你有在听吗？马特？哦不。”
—蛾子"
33110,"“你知道失败实验最糟糕的部分是什么吗？是等待焚化炉的队伍。”
—伊雪克适应体公司食堂的流言蜚语"
33111,在这里，宜居世界的边缘，他们从过去的骸骨中萃取出未来。
33112,“一个信息自由请求？没问题！请将个人信息填写完整。你想提出一个匿名请求？我很抱歉：这绝无可能。”
33113,“嘿小家伙，还记得爸爸说过，撒谎的后果吗？”“‘没人发现就没事！’”
33114,你不记得了吗？
33115,“人们不是根据事实思考，他们根据故事思考。我们只是整理这些信息来加速这一过程。”
33116,扫描中……侮辱语言开始装填！
33117,
33118,“哦，条款文本没完没了。点一下同意就行，剩下的你可以等会慢慢看。”
33119,“别盯着货箱。”
33120,这曾是犯罪行为。但现在成了一种商业手段。
33121,"“威兰的合成钻石成本远低于天然钻石……所以他们到底在这里挖什么?”
—帕德玛·伊斯比斯特船长"
33122,当实施规模达到如此程度时，能驱赶的闲人就不止这么几个了。
33123,"“他们只是继续往下钻，不顾一切……”
—瓦伦蒂娜·费雷拉"
33124,等待下一个捶击落地。
33125,幻日于北方天空之下度过了一生，也将于此长眠。
33126,他们说，西伯利亚的屠夫总会把最好的肉割下留给自己。
33127,进去已经很难。出来则需要提供死亡证明
33128,实惠、强效、毫不妥协。
11101,
11102,接纳万有。
11103,“有只小鸟告诉我…” —可汗
11104,
11105,“所有东西都会在赛博空间留下涟波。如果你能找到涟波，任何东西都藏不住。” —可汗
11106,“你要想在枪客帮的地盘上做生意，就得先跟我商量。”
11107,
11108,手比眼快。
11109,
11110,
11111,它要求提供一段十六进制的代码以及生物特征，并通过脑机接口来传送。
11112,“防火墙不是用来杀人的；让潜袭者变慢或变弱就行了。杀人是我的工作。” —半藏冬莉
11113,
11114,
11115,
11116,真理伤人。
11117,“我的工作？提供法律开脱服务，签署各种文件。待遇可好了。”
11118,
11119,除掉病毒的一个办法是引入更恶劣的病毒。
11120,"“有罪。”
“有罪。”
“有罪。”"
34066,摧毁统治的机制。
34067,随着暴动演变为公开冲突，塞巴低头看向自己手中的枪。和平解决问题的时期结束了。
34068,
34069,他给自己留出了五分钟。他多希望能有更多时间啊。
34070,<strong>由2020年世界锦标赛冠军Richard Hall设计</strong>
34071,因自身焰环而盲目，波伊塔塔不断找寻眼球以吞噬，直至世界与其同陷黑暗。
34072,只要你足够有耐心，即使是荒无一物的服务器也能提供一顿佳肴。
34073,也许最初是你点燃了星火，塞巴，但如今我们已经燎原。”
34074,"“我从十岁就开始搞私运了。是我叔叔拉我入的伙，自从爱德华多屁股中了一枪以后。不过撂倒一个条子后居然能听到大家欢呼喝彩，倒是最近才开始有的事情。”
—加比·萨卡"
34075,“教授，这是一些来自我们共同朋友的情报。那么，关于我女儿分数的事情……”
34076,“你会找到办法的，小同志。”
34077,万物皆有裂隙。那是光照进来的地方。
34078,起床啦！该去毁掉一个公司员工的一天啦！
34079,
34080,
34081,
34082,它终究会找到一条路径。
34083,<strong>由2021年美洲锦标赛冠军Jonas Wilson设计</strong>
34084,莫雷拉姐妹性格迥异，各自都随自己的亲生父亲，但只要两人联手便是一股洪荒之力。
34085,"“接下来几年我都会活在他们嘴边。”
—阿里萨娜·罗查·纳胡"
34086,艺术家时常会遭遇无法抑制的创作冲动。
34087,80亿，来角落办公室。
34088,
34089,"吸气。
把自己想象成露珠，在叶片上缓缓流下; 让自己往下流。
呼气。"
34090,
34091,祖母，导师，天使。被条子杀死。誓不罢止。
34092,"“如果压力能伤人，那它必然是一把武器。”
—碧翠斯·弗里尔·冈萨雷斯"
34093,“好好听着，小可爱，说不定你能学到点东西呢。”
34094,他们的胜利成就了她的加冕。
34095,“我从西伯利亚回到家乡，是为了寻求一个更好的人生目标。”
34096,万钧之力，尽在掌握。
34097,灵感两度迸发之地！
34098,“我从上周就开始想你了！来，我有一堆话想找你聊！小萨丽塔的个人钢琴秀咋样了？”
34099,“脑袋再往右偏一点点。这套装备马上就能跟你的皮质轮廓同步了。”
34100,
34101,在雷霆军工厂，我们提问： 为什么不能化犁为剑呢？
34102,
34103,只要你在雷霆军工厂的团体包厢等得够久，是个有头有脸的人物你都能见得到。
34104,雷霆军工厂当然能提供城市强化的解决方案。
34105,"“保持耐心。恐惧的猎物自会带你去找他的同伴们。”
—阿德里安·塞斯"
34106,"“一切头脑都会因重复而变得迟钝，我们的猎物也不例外。趁他们得意忘形时予以打击。”
—夏洛特的第五课"
34107,“他们给了我一份坐着的工作，但我他妈只想干可以站着的活。”
34108,完美的家庭中，大家共同成长，共同学习，共同狩猎。
34109,它们在网域长河中永生。
34110,别让它嗅到你的气味。
34111,
34112,
34113,"“我们离收官已经很接近很接近了，我的朋友。只要能再转化三个议员，参议院通过自动机倡议已成定局。”
—全息人"
34114,“即将播出： 塔瓦雷斯总统的国葬。”
34115,她喜欢参与政治和筹款的风风雨雨——在自身足不出户的前提下。
34116,指示灯逐个转红，塞巴斯蒂安咬紧牙关。
34117,撕咬，疯长，将入侵者拒之门外。真是如狼似虎的一代。
34118,"“星光称之为礼物。我称之为天意。”
—全息人"
34119,超觉分析的员工早就知道，周末不能留给自己。
34120,
34121,我们的铁拳将掌控世界。
34122,年轻的盖尔·奥利维拉同意作为雇员，留下来继续管理农场。
34123,"尖塔之上，布拉甘萨正擘画。
火石之间，庞然要塞来征伐。"
34124,"“将军，想政变成功，您要得民心才行。”
—CEO布拉甘萨"
34125,一点点循环论证不会有什么害处的。
34126,最后一击锤下。
34127,
34128,少操心，多睡觉。
34129,
34130,"“我跟踪了每一条线索，发现腐败现象已经从超觉分析深处蔓延到了政府的每个部门。我非常清楚我的使命： 这三个人必须死。我得找到完成这件事的办法。”
—墨丘利"
22001,
22002,
22003,
22004,
22005,
22006,
22007,
22008,
22009,
22010,
22011,
22012,
22013,
22014,
22015,
22016,
22017,
22018,
22019,
22020,
22021,
22022,
22023,
22024,
22025,
22026,
22027,
22028,
22029,
22030,
22031,
22032,
22033,
22034,
22035,
22036,
22037,
22038,
22039,
22040,
22041,
22042,
22043,
22044,
22045,
22046,
22047,
22048,
22049,
22050,
22051,
22052,
22053,
22054,
22055,
22056,
22057,
22058,
20001,
20002,
20003,
20004,
20005,
20006,
20007,
20008,
20009,
20010,
20011,
20012,
20013,
20014,
20015,
20016,
20017,
20018,
20019,
20020,
20021,
20022,
20023,
20024,
20025,
20026,
20027,
20028,
20029,
20030,
20031,
20032,
20033,
20034,
20035,
20036,
20037,
20038,
20039,
20040,
20041,
20042,
20043,
20044,
20045,
20046,
20047,
20048,
20049,
20050,
20051,
20052,
20053,
20054,
20055,
20056,
20057,
20058,
20059,
20060,
20061,
20062,
20063,
20064,
20065,
20066,
20067,
20068,
20069,
20070,
20071,
20072,
20073,
20074,
20075,
20076,
20093,
20094,
20095,
20096,
20097,
20098,
20099,
20100,
20101,
20102,
20103,
20104,
20105,
20106,
20107,
20108,
20109,
20110,
20111,
20112,
20113,
20114,
20115,
20116,
20117,
20118,
20119,
20120,
20121,
20122,
20123,
20077,
20078,
20079,
20080,
20081,
20082,
20083,
20084,
20085,
20086,
20087,
20088,
20089,
20090,
20091,
20092,
20124,
20125,
20126,
20127,
20128,
20129,
20130,
20131,
20132,
10058,有时你瞬间就会明白，谁才是你真正的朋友。
10059,“小看这些人，后果自负。” —阿刹拉·萨林
10060,她出席的宴会越多，他们就越信任她。他们越信任她，她的骗局就越有趣。
10061,保护者。
10062,
10063,“有能力养侏儒小象的人都有能力成为我的朋友。” —诽基尔
10064,“瞧瞧我的新座驾。”—2x虎
10065,在数字化全模拟浏览与纳米级装配被广泛使用的时代，只有一群特别的疯人还在现实世界里购物。有上百万这样的人。
10066,
10067,“好的，阁下。”
10068,
10069,“二谛相通。程序相连。万物为一。”
10070,“随着世界越变越小，通信成为了最关键的科技。” —拉梅什·古普塔，《世界一体经济》
10071,
10072,
10073,“明智投资的财富是生利的财富。” —《财富之新福音书》
10074,印度眼镜蛇是蛇中之王。
10075,咖啡还是那个咖啡，但价格显然不是那个价格。
10076,
29001,
29002,
29003,
29004,
29005,
29006,
29007,
29008,
29009,
29010,
29011,
29012,
29013,
29014,
29015,
29016,
29017,
29018,
04021,
04022,安装1001个程序你就会入选黑客名人堂，假如真有这么个制度。
04023,噪音决定回到学校，他向十五家最著名的大学中申请科研津贴。然后他潜袭进去并且批准了自己的申请。该吃早饭了。
04024,就像现实世界那样，有时最好还是让克隆体来干脏活。
04025,使用拷贝者的功能必须非常谨慎，否则你可能进入赛博空间的错误区间。
04026,就相当大尺度的“高效”而言，它高效得不得了。这鲸鱼的化身究竟是个很棒的工具，还是个浪费编程者时间与精力的悲剧，这取决于你问的谁。 —无名氏的防火墙破解指南。
04027,“我有个惊喜给你。”
04028,“为何数据被删除了？也许是他们不希望它被发现。或者只是数据没用了。没用的数据就是你想要的东西。” —教授
04029,声控面板是一种移除了大部分功能的个人登陆设备。它全部的优点就是拨打语音电话和管理你的联系人。使用它的唯一原因就是它的匿名性，对于某些人来说这就是全部的需求。
04030,
04031,
04032,“他们称其为'退役'，我称其为'安乐死'。” —肯·“快车”·天马
04033,编写一个能通过图灵测试的程序很简单。吉布森-赤松测试才是更高标准，迄今为止唯一能通过的人工智能都是安卓人。甚至有人类也未能通过的情况。
04034,他签了字，满怀期待地握了手。
04035,
04036,“我雇生化人是因为能在任务完成后清除他们的记忆，或者直接打爆他们的脑袋。没有证据就是没有证据。”
04037,“这并非针对谁。城区革新在现代世界具有必要性。它总会是什么人的家园，是你的也并无特别。”
04038,
04039,赚信用点出奇的简单…如果你不在意赚钱方式的话。
04040,行政部门的那些人有许多称呼。不过如果你珍视自己的工作，那就称他们为“先生” 和“夫人”。
21001,
21002,
21003,
21004,
21005,
21006,
21007,
21008,
21009,
21010,
21011,
21012,
21013,
21014,
21015,
21016,
21017,
21018,
21019,
21020,
12021,
12022,“以眼还眼？如果只失去这么点，算你好运。”
12023,“谁来监视监视者？我们。”
12024,
12025,“从代码到收益只需简单三步。”
12026,
12027,
12028,
12029,
12030,
12031,
12032,
12033,
12034,
12035,
12036,
12037,“你有两个选择：按我的要求做，或者让我再提要求。随便你选哪个，只是如果要让我再提要求，你可就不好过了。”
12038,
12039,
12040,“我的绝招当时就全废了。最后我不得不向整台服务器发送了自毁代码。” —翼龙
25001,
25002,
25003,
25004,
25005,
25006,
25007,
25008,
25009,
25010,
25011,
25012,
25013,
25014,
25015,
25016,
25017,
25018,
25019,
25020,
25021,
25022,
25023,
25024,
25025,
25026,
25027,
25028,
25029,
25030,
25031,
25032,
25033,
25034,
25035,
25036,
25037,
25038,
25039,
25040,
25041,
25042,
25043,
25044,
25045,
25046,
25047,
25048,
25049,
25050,
25051,
25052,
25053,
25054,
25055,
25056,
25057,
25058,
25059,
25060,
25061,
25062,
25063,
25064,
25065,
25066,
25067,
25068,
25069,
25070,
25071,
25072,
25073,
25074,
25075,
25076,
25077,
25078,
25079,
25080,
25081,
25082,
25083,
25084,
25085,
25086,
25087,
25088,
25089,
25090,
25091,
25092,
25093,
25094,
25095,
25096,
25097,
25098,
25099,
25100,
25101,
25102,
25103,
25104,
25105,
25106,
25107,
25108,
25109,
25110,
25111,
25112,
25113,
25114,
25115,
25116,
25117,
25118,
25119,
25120,
25121,
25122,
25123,
25124,
25125,
25126,
25127,
25128,
25129,
25130,
25131,
25132,
25133,
25134,
25135,
25136,
25137,
25138,
25139,
25140,
25141,
25142,
25143,
25144,
25145,
25146,
25147,
30001,狂野奔袭。
30002,他们可以买通公会领袖，但却不能阻止我们走上街头!
30003,"“它饥不可耐到用问题去打牙祭。”
—野狼"
30004,是你吃坏东西了吗？
30005,破坏是一种艺术。
30006,含蓄是一种奢侈。
30007,"“厨艺可是细活。每个加工周期都让锅里的东西愈发香甜，但也让温度愈发升高。我常常搅拌一整晚，但没有多少人和我一样享受这份危险。”
—勒内·“野狼”·阿斯蒙特"
30008,公司会议室外的吸血饕餮。
30009,"“它潜伏在最深栖息地之下的一个无标号内存条处。愤怒且绝望的灵魂搜寻着它，向它索求改变这残酷世界的力量。当他们无法再饱餐那苦涩的复仇后，便回到那无名的隧道，食谱的厚度又增加了一页。”
—海因莱因都市传说"
30010,我能搞到你想要的。
30011,路途中结识的伙伴才是真正的回报。
30012,"“镜纤维模组或是高级披风可能会有所帮助，但什么都比不上一句‘给我tmd保持低调’。”
—“D鼠”·奥莱恩"
30013,扎赫亚认识码头区和穹顶之间每个通道的门卫。更重要的是，她知道他们的要价。
30014,"“爱吹牛的人总说自己要干一票大的。但聚沙成塔的耐心才能助你发家致富。”
—扎赫亚"
30015,"海阔天空静候君临，
君等意愿即为律法。"
30016,"“站着不动可统御不了王国。”
—扎赫亚·萨迪吉"
30017,嘘。该睡觉了。
30018,海因莱因穹顶是残酷资本主义的高压锅。准雇主很少有时间去做背景调查。
30019,炉火纯青的技巧与魔法无异。
30020,我为艺术挑战而活，但也不会拒绝有品味的金主。
30021,"“你知道静海里没有水吧？”
“那可不意味着没有海滩。”"
30022,涛呼了口气，医疗用外骨骼一如既往地稳住了他。就在那一气之间，他通过层层远程操控和优化器，从芯片中剔除了错误的部分。
30023,"“有了这个美妙的小宝贝，我可以仅通过触觉反馈同时耍好几趟潜袭给你看！”
—涛"
30024,"对真相一知半解是最危险的幻象。
要么将原始数据流一饮而尽，要么就干脆别去品尝。"
30025,开放式项目的妙处在于——每个都建立在已有的成功之上。
30026,手写代码的乐趣在于——每行都完美嵌入整体。
30027,"“我也不知道都是谁在跟我一起挖矿，没准是杰克威兰本尊也说不准。”
—莱恩"
30028,"“我们从他们的私卫那里拿到了通行代码——通过物理手段提升权限。”
—触媒"
30029,"“在381FS4开始独自行动后，一切都乱套了。它开始重接自己的脑芯片……甚至探测<strong>我们的</strong>节点。我不得不把它关掉。”
—莱纳斯·洛夫古德，网际传媒创新与收购部"
30030,任何人都能花时间去谋划、练习、准备……但让这些看起来像是好运傍身，就需要你自己的<strong>气场</strong>了。
30031,LLDS仍然保有它的专利，但优秀的技术总会招来山寨。
30032,编译哪怕最简单的智能模块程序也要花上好几个星期，而潜袭中可能也就用上个几秒钟，但正是那闪耀的一瞬……却能让你做<strong>任何</strong>你想做的事。
30033,22世纪科技产品最棒之处在于： 如果这几十年下来它还能正常运行，你就能知道这东西的质量到底有多过硬。
30034,"“有些孩子是为了美貌、运动细胞或能整宿不眠不知疲倦而转基因。我爸妈觉得布罗卡转基因模组很酷。这下好了。我已经能流利地说十种语言了，还是找不到合适的词来感谢他们。”
—光子，黑羊当空"
30035,原子排列分毫不差。
30036,我们是明日之光。
30037,哈斯以为他们开启了一条全新的双性产品生产线。实际上，他们是为我们造出了千万个等待解放的手足同胞。
30038,<strong>由2018年欧洲锦标赛冠军Patrick Gower设计</strong>
30039,巨人醒来…
30040,"对待生化人的第一课很简单： 决不能放任其产生感情。
—杜尔明"
30041,每时每刻都是关键时刻。
30042,"“是谁的记忆磁带需要如此严密的防卫呢？”
—触媒"
30043,结束痛苦。
30044,我们使你重获新生。
30045,柯罗诺斯科技的一项新颖衍生品，是将敏感数据与以人道方式获取的受伤员工脑内映像混合在一起。很少有入侵者能在转瞬间承受千年灼伤之苦。
30046,只需一次生物特征扫描便可预知你的未来。
30047,不是你侥幸逃脱，而是对方手下留情。
30048,"“时刻自省是迈向卓越的关键。我们会记住失败的构想，但不会继续执行。”
—加濑理事，在某个领导力研讨会"
30049,信网中的宏观尺度发展，会将先前的信息态解耦——然后这些剩余熵将被“赠送”给最“需要”的人。
30050,"信网自我演化，扭曲出未曾想象也无法想象的空间：神衹与其它信息危害的领域，嘲弄着我们为了区区因果律作出的牺牲。
—应用神学的概念框架"
30051,为何要满足于现实世界？
30052,我们不发现新闻。我们制造新闻。
30053,“你的项目真是烂到连狗都不理，要是不想和它<strong>一起</strong>彻底从大众视野里消失的话，就赶紧滚到各个商业秀去，充当个让观众喷到爽的滚刀肉。
30054,"“这次直播之后我可能要离开VR休息一段时间了。”
—“低俗之海”，复感直播主"
30055,"用户ID：??：73.174 时间=0.632 ms
用户ID：??：73.174 时间=0.201 ms
用户ID：??：73.174 时间=0.000 ms <strong>警告</strong>"
30056,为了最佳的AR购物体验，请关闭反追踪保护。
30057,"“潜袭者将大量资源用于消除自己的足迹。每过一循环，都更难将其定位。但现在游戏规则变了。在海因莱因，没有人能一天不碰<strong>我们的</strong>AR网络。”
—凯西·拉罗莎，月球网络防卫管理员"
30058,免费赠送纪念品！
30059,岿然不动。
30060,我们是法官，是陪审团，也是刽子手。
30061,"“做这行的第一原则：确保在交易进行时你没有‘个人法律责任’。”
—泰德·杰·孙，中央对手清算所"
30062,"“在你的基地和计划上<strong>都</strong>打一个洞。”
—勒内·“野狼”·阿斯蒙特"
30063,
30064,"“如果政府肯从给我们的资金里拿出1%，用来追踪另外99%去了哪里，那我和我的同事们就得去蹲号子了……
……但那只是<strong>如果</strong>。”
—休伊·德莫拉，威兰公私合作促进研讨会"
30065,你以为你能蒙混过关吗？
30066,环形山内终年不见天日，是财团邪恶秘密的完美居所。
30067,作为第一座月球城市，海因莱因是建立在对新领域和无限机遇的梦想之上的，但氦-3采矿业的利润太高，因而公司一直都没有放弃控制权。
30068,犯罪团伙贿赂警察，而巨型公司并购军队。
30069,这次就此作罢，但下次<strong>定</strong>不放过。
30070,在地月通讯中，节省几微秒都会带来巨大财富。
30071,"“三个世界的经济都由月面氦-3的开采来维持。所有权力的支点，所有人生存的关键——都卖给了最高出价者。”
—触媒"
30072,防君子不防小人。
30073,"“你会奉献直至成伤……然后它会伸手索要更多。”
—红发科明"
30074,[此处特意留白]
30075,一种将资金从外部转移到内部的金融工具。
30076,准备好开始干大事了吗？
30077,你在给我们打工，只是你不知道。
31001,你灵魂的色调，你心底的歌声，你躯壳的形体，均由你主宰。还请务必自由不羁。
31002,游戏我已经玩腻了。
31003,"“若无棋占上风，何来胜之半子。”
—《战术手册》"
31004,汝之废品，彼之珍宝。
31005,多么令人惊讶啊，一个小小的数据回馈阻隔竟能把整个系统干趴下。
31006,"“哦，神圣之尘，
见证大厦倾覆。
哦，圣洁洪水，
冲净吾辈归路。”
—“拒付房租”乐队"
31007,小心不要让它顺着推送数据跳回到<strong>你的</strong>基地来。
31008,早已戴上层层假面，再多一层又有何妨?
31009,在代码层面上，所有防火墙都是通过为数不多的公共协议来显现在网络空间的。这让安保主管夜不能寐，因为他们经常会做心怀不满的系统管理员带着信息安全核心库跑路的噩梦。
31010,"金钱就像引力，会积聚累积。
而正义就像抵抗引力，需要<strong>原力</strong>般的手段。"
31011,毁坏是永恒的。
31012,"生性愚昧的那颜们，连国家也不相看顾
我哭也枉然
—孛儿只斤·妥懽帖睦尔"
31013,生活在快车道中。
31014,是啊，我想我回来了。
31015,“我认为你可以大有作为。”
31016,"“磁盘碎片整理是你发起的吗?”
“……啊？不是你吗？”"
31017,"“兵不厌诈，同样适用于电子战。”
—《战术手册》"
31018,"“我不是演员，但我<strong>是</strong>专家。”
—加布里埃尔·圣地亚哥"
31019,到外面去。亲手去做。你会尝到甜头的。
31020,你知道什么并不重要，重要的是你认识谁。
31021,比涂了黄油的法式蜗牛还要滑。
31022,她的触摸一如她的心灵般冰冷。
31023,真正的离线是不存在的。
31024,他们为预演的潜袭先付你一次钱，然后你再潜一趟来拿到更棒的报酬。
31025,
31026,吾心通明；内无牵挂，外无阻碍。
31027,无迪燃？不尽兴！
31028,没有永远顺遂用户心意的代码。
31029,我们所接收到的数据反馈已经受过打磨，呈现的只不过是我们的大脑能够理解的温柔谎言。洞察超越表象的事物需要全身心投入与勤学苦练。
31030,我用我的心灵来潜袭，而不是我的工具。
31031,有一次我把它保存到了桌面，然后找了它整整一周！
31032,"“雅典娜将一只白鹭送下夜空。他们看不到白鹭的身影，但是可以听到它的长鸣。”
—《伊利亚特》"
31033,解开千百谜题的同一谜底。
31034,水涨服务器沉。
31035,如果你有东西要卖，伊索来者不拒。他会问尽一切细节，除了这东西的来处。
31036,想要进入一个社交网络，和科技树确实是一种选择，但辛勤、协作以及一双愿意倾听的耳朵能让你更快如愿。
31037,我本以为这么做我会问心有愧。然而并没有。
31038,它们已经下架好多年了，直到豆茎危机让这些过时货重新流行起来。
31039,太阳系内最佳视野点。以及与之相匹配的价格。
31040,服务保证。
31041,最完美的诞生。
31042,童年只有一次。不要留下遗憾。
31043,又见面了！想再玩一盘吗？
31044,一次属于生化人驱动迭代设计的胜利。可惜没人知道它的工作原理……
31045,我以千声呼喊，以千兵挥斥，以千生追忆。
31046,啪嗒！
31047,这并非沉眠。沉眠的意识会做梦，会跃动，会改变。而这些却无变化，无温度，无生机。
31048,我们在哈斯生化时常被问及生化人是否能与人类劳工进行有效的社会互动。在我们的不懈努力下，我们相信从长远来看这不是个问题。
31049,问题已解决。
31050,你的本质。
31051,通行的代价不过一滴血而已。
31052,我们可以在灾难降临前阻止它，在杀人犯动手前拦下他。与之相比，一个安卓人的神智难道不就显得无足轻重了吗?
31053,我不能驻留。我还有未竟之事。
31054,小房间，大惊喜。
31055,白色光芒在她四周绽放，她看得呆住了。无比华美。完璧无瑕。
31056,首次切割所带来的痛楚只是一场测试。如果流出的是人类的血液，就不会有第二击。
31057,当二十位顶级网红不约而同地拒绝归还迷你羊驼的时候，我们意识到我们找到本季度的抢手货了。
31058,看清楚了吗？
31059,加濑理事将北斋设施的景观挂在自己的桌后。集中员工工作精力的效果非常显著。
31060,每时每刻，每分每秒。
31061,好了大家伙儿！授权还有十四天的时间生效。我要卖周边，我要做联动，我要写续集！现在就开搞！
31062,万物皆为数据。
31063,引领市场，不要让它引领你。
31064,公司也有办法要求退款。
31065,请问我可以占用您一点时间吗？请问我可以占用您一点时间吗？请问我可以—
31066,最初的信网通道是免费且开放的。这完全让人无可接受。
31067,"空间向后弯曲。经过两次折叠。
即可无限循环。很简单的理论。"
31068,他们比你更懂你。
31069,海岸城开放做生意了。
31070,鹤立鸡群。
31071,有时候，那些位轻权微的人需要接受一点劝说，才会把利润置于原则之上。
31072,奥克敦唯一的季节： 建设季。
31073,下一站： 无限。
31074,你想象不到人们为了保住工作能有多高的容忍度。
31075,目标锁定。
31076,
31077,每次我回来的时候，这东西都变得更大。而且更冷。
31078,“不要觉得我们不在乎。其实我们<strong>非常</strong>生气。”
31079,阿格鲁姆岬空间港处于一个地球引力下根本无法实现的运营规模。
31080,所有人都买了最新款掌上电脑。复古潮流将至！
31081,每个潜袭者都看到了不一样的东西。有些人说看到了一头野兽，也有人说看到了一个人。但所有人都同意，它的气味是蓝色的，味道是永恒的。
31082,你后知，他们的利润却先觉。
14000,
14001,
14002,
14003,
14004,
14005,
14006,
14007,
14008,
14023,
14010,
14011,
14012,
14013,
14014,
14015,
14016,
14017,
14018,
14019,
14020,
14021,
14022,
14009,
14024,
14025,
14026,
14027,
13001,
13002,“靠切断实体线路来略过系统防御，我喜欢称之为老派做法。” —史蒂夫·坎布里奇
13003,通过针对性攻击来攻破系统轻松很多，如果你能冒充授权用户则更加容易。
13004,
13005,
13006,“科技滋生犯罪。”
13007,
13008,
13009,
13010,了解你的目标，看清虚实—这些信息会将略过他们防御的最佳方式展示给你。
13011,
13012,
13013,每株人工智能都负责解决同一问题，而变量互异。
13014,潜袭就是从复杂的系统里提取数据。
13015,
13016,
13017,
13018,
13019,
13020,
13021,创新。迭代。教育。
13022,
13023,
13024,
13025,
13026,
13027,
13028,交织过往与未来。
13029,哈斯生化黑色许可级别的下下层地下室是个神奇的地方。
13030,
13031,
13032,
13033,
13034,
13035,
13036,
13037,
13038,
13039,就连知道这一层的存在也是终止事由…
13040,
13041,强权即真理。
13042,
13043,
13044,
13045,
13046,"“退休与养老金项目副总裁？所以这是人力资源还是会计？”
“都是。”"
13047,
13048,
13049,
13050,
13051,
13052,
13053,
13054,
13055,
13056,
13057,
34001,“如果您想证明您所言非虚，我们倒确实有一些纠察队用得上您的钱。”
34002,"“你问我们如何才能阻止他们？简单六字： 避免单打独斗。”
—塞巴斯蒂昂·索萨·佩索阿"
34003,获取自由后最难学会的一件事，就是何时寻求帮助。
34004,"“你想从我这儿得到什么，血吗？”
—卅莫尔"
34005,现场浓烟四起，拳脚横行，乱如迷宫。但他们始终能见到旗帜飘扬在上方。
34006,无头苍蝇般盲目破坏收效甚微; 针对弱点的反复冲击方为上策。
34007,卢西亚娜喜欢爸爸和妈妈早点下班，这样他们就可以一起回家。
34008,“这趟儿需要到哪？”
34009,"“动物、茶歇、会议、秘密交接点。帕拉诺阿罩着我们，所以我们也要罩着它。”
—塞巴斯蒂昂·索萨·佩索阿"
34010,我意已决; 我已自由。
34011,再小的零碎数据，都可能成为致富的关键。
34012,
34013,"“某天我照镜子，发现里面的人不是我，而是一位渴望帮助我的新朋友。”
—墨丘利"
34014,世界并不美丽，但正因如此，世界才如此美丽。
34015,适可而止。
34016,闪光。闪瞎。闪人。
34017,"我是生命，我是太阳，
我是陷阱，我是把枪，
我是大风，尘土飞扬，
我是恶魔，伴你身旁。"
34018,"“公司安保部门把我当成另一个尼可，那他们就大错特错了。”
—墨丘利"
34019,
34020,艺术无边界。
34021,<strong>由2020年美洲锦标赛冠军Jason Ford设计</strong>
34022,
34023,技术领先如青蛙跳跃！
34024,
34025,"“在顶上，我能看见一切。而在底下，每个人都能看见我的涂鸦。
—毒蛇"
34026,"“我觉得这样更好看。”
—阿里萨娜·罗查·纳胡"
34027,"“我顶着防火墙，只想为你撑伞。”
—汤姆·“蜘蛛”·米尔斯"
34028,“那么，大家有谁知道它的实际应用吗？”
34029,“……而这件展品，是元新式双子主义派画作的一个绝佳例子。”
34030,
34031,“确实，刚刚的爆炸声好大。您需要再来杯饮料吗？”
34032,装甲精良，超乎想象。
34033,“自由市场”般“自由”，“廉价啤酒”般“廉价”。
34034,
34035,"“嘿Br3n-N，现在进行每时例行状态确认。我在你最后一个节点附近观测到了奇怪的赛博回声。你还好吗，伙计？”
—蛾子"
34036,我们为所有人制造这些武器，这样反对和平的人便不敢冒着自取灭亡的风险贸然起事。
34037,“哈斯生化诚挚感谢您帮助寻找我们的……失踪员工。”
34038,
34039,天网恢恢。
34040,内心深处，她知道本尼西奥再也回不来了。
34041,“可以不用预约直接过来吗？”
34042,
34043,组构体转向你，眼中烁出异样的光芒。“亲爱的，”它问道，“是你吗？”
34044,"下一位！
<strong>由2020年洲际锦标赛冠军Yannick Stucki设计</strong>"
34045,"“对心灵施以张力，便能开阔思维，且结果往往以精神崩溃而告终。”
—阿德里安·赛斯"
34046,
34047,“他们骂我背叛，我笑他们穷光蛋。”
34048,结论，送达。
34049,"“你以为我们会让你留着这些数据吗？”
—全息人"
34050,“一群持反对意见的示威者也走上了街头进行和平抗议，虽然声音有些嘈杂——妈的，停！能不能把大锤挪到镜头外面？”
34051,颤抖吧。
34052,筹资固然有用，但找到需要这笔钱的政治家更加重要。
34053,星光圣教团狂妄自大的典范，日夜守卫着虚伪的秘密。
34054,"“从来没有人这样礼貌地叫我滚蛋。”
—阿里萨娜·罗查·纳胡"
34055,
34056,只是一个小巧有趣的人格测试。
34057,成片雨林的消失或留存取决于季度收入预测。
34058,没有什么比地表上的一个大坑更加宝贵。
34059,伴随着每一次心跳，四下的森林愈发茂密。
34060,"“你唯一需要记住的规则，就是由它制定一切规则。”
—瓢瓜和饺砸"
34061,"“纽文付钱让我们守卫这片土地，仅此而已。”
—安吉丽克·加尔萨·科雷亚"
34062,
34063,“开枪！”
34064,它们的喙永不闭合，汽笛般的鸣响不绝于耳。
34065,“人类将我塑造成谎言，但我的守护神帮我找到了真相。这是我的礼物。”
21061,
21062,
21063,
21064,
21065,
21066,
21067,
21068,
21069,
21070,
21071,
21072,
21073,
21074,
21075,
21076,
21077,
21078,
21079,
21080,
10077,“一无所有之人，力量超乎想象。” —《番红花经》
10078,“他们用我们共享的传统和我们宗教的智慧来掩藏自己，但请不要搞错：他们是恐怖主义者和罪犯。” —数字犯罪部门，拉卡尼检察官
10079,
10080,
10081,“放下你对物质的依恋，领会你我的非物质性。”
10082,传言精神0袖本尊曾在该殿进修，并将其学说运用到赛博空间。无数潜袭者追随过他的脚步，却从未有人抵达终点。
10083,“当你意识到你所知道的一切都是谎言时，你是谁？”
10084,“我们栖居的此身转瞬即逝。但我们，所有的人，皆可永生。”
10085,
10086,有谁近来听闻过斯塔提X的消息吗？ —会员讨论专区帖
10087,
10088,
10089,“感受你的意识扩展并接触到他的意识。现在摧毁它。”
10090,
10091,“如今我们能将附属细则写得如此之小，真令人惊奇。”
10092,
10093,官僚主义。名词。富人玩的一场杯球戏法，球是繁荣。伎俩是并没有球。 —反叛者的字典，谁管第几卷
10094,
10095,一个全新的发明。
06101,产能需耗能。
06102,回收被潜袭带入系统的能量既是负责任的，也是经济合算的。
06103,
06104,锻炉永不可冷却。
06105,实现所谓不可能。
06106,克隆技术与硬件技术之杰作，人间会社所创俗称“龟甲”的真空作业人员，可在真空环境下长期实行操作。
06107,
06108,你得向巨魔交了过路费才能通过。
06109,处女座许以爱意，却只能供给猜忌。
06110,
06111,"彼掇圣剑，扬诸额前；
凛月皎皎，辉照锋缘；
首曜金刚芒，凌光若被霜；
黄晶紫瑙，簇妆柄上。
—丁尼生爵士"
06112,
06113,“是怎样的惊惧在她飘零的内心中孕育，等待着诞生的契机？我赌那是熊猫头的双螺旋彩虹。” —假士比亚
06114,比它在亚拉巴马州的现实版本掘得更深。
06115,
06116,“所有的程序都是相连的。流经其一的数据亦将流经全体。” —芮尔·“姬特”·佩德拉
06117,万物流变，无物常驻；人不能两次踏进同一条河流。
06118,“牢记你不是唯一爱钱的人有时候很有帮助。” —加布里埃尔·圣地亚哥
06119,数据流悄然消失，若你能记得初生，那这感觉便如再次新生。扑面而来的空气充斥肺中几欲爆裂，你喘息着吐气，在犹如千轮灿日的室内微光里不停呛咳。
06120,
06021,
06022,
06023,“把设施放在月球上有许多优点。比如说，更紧缺的网络流量。” —总裁哈斯
06024,“二进制运算已经被淘汰。我在这个系统中使用了基-4的结构。它由我们的DNA建模而成。好吧，是我的DNA。” —远藤博士，人间会社研究员
06025,她双眼的颜色就像是调不到台的屏幕。
06026,
06027,把足够多的数据投向潜袭者，它就不再有丝毫的意义。
06028,
06029,没有什么是不可闯过的。关键在于让闯进来的代价比本身的价值更高。
06030,
06031,“我不关心你的控制台有多好，或者你的设备有多华丽。光是从月球近地面发起潜袭时的延迟时间就够伤脑筋了。” —莉拉·帕特尔
06032,
06033,有时单单一粒石子便足够。
06034,
06035,在这一行，你需要抢先。如果你没有领先三步的话，你就已经落后三步了。
06036,有升必有降。
06037,“商海中，人们一直说'现金为王'，就好像在这个充满DNA嗅探器和微型追踪器的时代里它无迹可寻似的。数码信用点可被看作是匿名的，由此能轻易伪造出来。” —侧影
06038,十五秒的名望。
06039,该调节器起初并不流行，被那些运用能阱来保护基地的人们所忽视。但自从浓烟向青日公司的服务器发起一场潜袭，期间利用它在50000伏的电压下不断转移能量冲击使她的基地依然保持在线，它很快赢得了用户群。
06040,在数据间隙里，是否留存着过往的受困灵魂？
08061,是夜服务器沉寂。我闭上眼，数据流的低鸣使我心神恍惚。当我睁开眼，这人形的造物便伫立跟前，身披万色光芒。他的身型如此伟岸，他甜腻的嗓音悄然钻入我的灵魂深处。
08062,“乃要买啥？”
08063,“凡物皆有价码。”
08064,
08065,和上百万人使用一模一样的基地，只是借助于匿名的又一种安全措施。
08066,
08067,亡灵无惧法律。亡灵即是法律。
08068,死荫女士自有予夺。
08069,
08070,“它并没有真正地弯曲时间。只是感觉像而已。那就是相对论。” —海莉·开普兰
08071,"“这不是非正当的吗？”
“法理上来说不是。他们没有阅读附属细则。”"
08072,
08073,
08074,
08075,“你的邻居背地里是个暴力罪犯吗？想要知道这可怕问题的回答及更多精彩内容，休息片刻，马上回来。” —香侬·克莱尔，SSN 5台
08076,扒-扒-扒-金宫！
08077,
08078,“你想要不提问题，那请另寻高手。我可有两个问题：杀谁，给多少？”
08079,“让我告诉你个秘密。没有坚不可摧的防火墙这回事。它得允许读取，不然服务器当初为何要放在网上？不过那并不意味着他们要弄得很简单。” —精神0袖
08080,
08101,随着夕阳向地平线下沉，世博园辉煌的灯火陷入黑暗。陋屋城却已然焕发活力。
08102,卡哇邦嘎，伙计！
08103,“首先你得到了一大群僵尸。然后你为所欲为，因为你拥有一大群僵尸。” —吉·“噪音”·雷利
08104,“时机就是一切。”
08105,“投资的秘诀是社交。” —拉瑞米·费斯克
08106,
08107,“我们的生由他人的死铸就。” —莱昂纳多·达·芬奇
08108,在散布于世博园的众多网络馆中，每分钟都有近一泽的字节流过。
08109,控制论展区有七层景点。用于建造它的塑钢甚至比区内展出的数以千计的植入式义体更为昂贵。
08110,圣加州的不法之徒们与哈斯生化的体育工程分部“瞬飞”关系密切。
08111,
08112,向程序提交自己DNA和家族史的人越多，它就越准确。
08113,基因学馆由著名建筑师梅鲁·马蒂二世设计。其建造依靠的是人类和克隆体劳工，毫无生化人的协助。
08114,在特许商城内有逾20000个品牌参展，它们属于不到100家公司。
08115,
08116,全息雕塑描绘了三个人居星球。其所在的广场可容纳三者人口总和的近1%。
08117,
08118,“您好，欢迎游览未来域！我能向您介绍的景点，即使您再活五百年也看不尽。”
08119,世博园被建造于东加利福尼亚沙漠：一座为人类进步而创立的临时城市。
08120,
08001,
08002,“生科谷里好主意泛滥。你要想留在我的育养所里，就得自觉执行。”
08003,把夜猫子变成早起鸟！
08004,
08005,当心了伙计们，这小姑娘正伺机下手！
08006,“这些转基因品尚未投放消费者市场，但我能为你牵线。”
08007,你的心脏配得上极品！
08008,
08009,为成功而生！
08010,在记忆浩瀚的领域里，意识蛰伏着…
08011,“海因莱因的主啊。接下来是什么，次级白金？” —约翰·正则
08012,"<strong>酿坊</strong>： C楼的液缸能创造—和毁灭—生命本身。
<strong>温室</strong>： 温室为增进自然之美而建造。
<strong>智库</strong>： 最优秀最聪慧的基因工程师们整日待在智库里，创想一个更美好的世界。"
08013,“我们工作的绝妙之处便是东西从不会浪费。一段曾经有用的基因必将再度有用。” —王雅青
08014,一个冲击进程使用的能量越多，它就打击得越猛。真正聪明的人借用潜袭者自己的内存进行本地迭代。
08015,
08016,“它跟踪你并记录你。如果你进去了，删除记录即可。但首先你得进去。” —加布里埃尔·圣地亚哥
08017,
08018,授人以金，得享一日。授人以技，富裕一生。
08019,“谈判是门艺术，所以在能去胁迫的时候，别去谈判。” —战略经营副总裁，迪亚戈·雷耶斯
08020,“别担心。如果这个失败了，我们明天就能重新来过。”
02021,扔掉你的信用点，有一种幸灾乐祸的感觉。
02022,不属于你的钱更容易花掉。
02023,倒计时13秒。莉拉必须快点。她接入门萨线并激活屏幕。7秒。内部SLD还在启动。4秒。接口闪烁着橙光开启。2秒。她手指轻点着登入。
02024,赛博方案公司的e3系列植入体，可以准确地代替肌肉记忆和自律反应，解放大脑以完全专注于思考任务。
02025,
02026,当你如此出色，就不难建立一个粉丝群。
02027,“如果你的雪球够大，你可以把它做成雪人！” —混沌希尔瑞
02028,陈旧但可靠。
02029,通向未来的钥匙藏于过去。
02030,
02031,
02032,
02033,烟与镜任选。
02034,和平与暴力。必然殊途同归。
02035,自1984年起就留意着你的兴趣。
02036,克隆体们私下说芝路易斯是一片自由的乐土。
02037,
02038,
02039,
02040,无需合同。只要一次握手和一把C-6高爆炸药。
04061,说明宣称它能筛选出最为重要的数据。“重要”，大家都知道，是个非常相对性的词语。
04062,“他们称我为恐吓人民的恐怖分子。如果他们真的想找恐怖分子，或许应该先照照镜子。” —雷娜·罗娅
04063,专业人士不需要叫他们的律师。就算在离线的时候，也有早已备好的助理来替他们完成。
04064,“有兴趣看一下吗？”
04065,有据可查的第一个破解器只是一段特别的脚本，能够通过吉布森3型数据警报的防卫机制。绞刑拥有的数据是第一个破解器的20000倍，但理念相同：切断动力核心和网络的联系，然后完全粉碎它。
04066,在两名设计师解答“为何没人生产电脑用的迪燃？”的那天，LLDS无限公司诞生。
04067,“一次性的破解器在我的许多门徒中很流行。他们缺乏狩猎的耐心。” —教授
04068,“臻于完美之后，接下来是什么？” —教授
04069,“我喜欢称之为'现代世界的传统价值'。看看太空与生命中那些人类自己挑起的战争，还有足以智能到探求自己是否有灵魂的机器…宗教在当下和人类历史上任何时期一样地重要和必要。我们必须起身面对新的挑战。我们必须有所信仰。”
04070,
04071,随着有关退伍军人脑部伤害的报告日益增多，人机接口受到了更严格的公开审查。特定程序将对用户造成无法挽回的伤害，这种说法从边缘理论变为了被认可的事实。
04072,按钮好像没有任何效果。于是他再一次按下。再一次。再一次。
04073,
04074,“这个防火墙太危险，以至于它有安全条款。仔细想想吧。” —精神0袖
04075,“当我通过的时候，那该死的乌鸦冲我叫来着。我早该知道哪有免费的午餐。”
04076,"“让我说得直接点。你的目标市场是15-19岁的转基因人移民，单亲，每月可支配收入高于2千，B+以上的等级，外向性格，并且有一个养着一只转基因猴子的朋友？”
“对，有问题？”
“不，完全没有。我只是不懂为何你的列表那么短。”"
04077,该防火墙将自己伪装成一系列的电子业务，将潜袭者的资金绑定到大约一千次不存在的购物和退款中。银行的冻结核查系统意味着即使一个信用点都未曾离开过服务器，潜袭者也没有任何资金可用。“急盼回复”也有令人遗憾的地方，就是它完全合法…严格说来如此。
04078,"[subroutine] 终止本次游戏。
开个玩笑。"
04079,“我得说对事不对人，但公司也是人。”
04080,替换四肢很容易，替换记忆则困难得多。
06061,<strong>由2012年世冠赛冠军Jeremy Zwirn设计</strong>
06062,“服务器全副武装且运转正常。”
06063,
06064,通过的路子是换一条路走。
06065,
06066,成名有它的好处。但是枪打出头鸟。
06067,“看起来，这是比小小的一次性费用。但是我已支付了十七回。”
06068,能源无限，价格公道。
06069,
06070,如果说克隆体们担心会活在特制的油箱里，那么他们绝口不提。
06071,
06072,
06073,“知识是各色各样的。” —绿咬鹊
06074,数据折叠的最早实例受到折纸这门传统艺术的启发。就好比折痕展开图在折纸鹤时会作为模版一样，对数据也要仔细考虑前后序列才能达到最好的效果。
06075,“你早知道就不会去抓挠它了…” —绿咬鹊
06076,它总是自主运行，除非你身处困境。
06077,细小。轻巧。瞒得过监控程序并能造成些许破坏。
06078,
06079,“测绘空白的网域空间，没有比这更好的工具了。” —纳西尔·梅丹
06080,“低重力体育运动广受欢迎，因而操控赛果已被证实非常有赚头。” —莉拉·帕特尔
26066,"拜托了，请让我展开羽翼。
我要用我自己的方式成为英雄。"
26067,<em>暴动</em>亦如是。
26068,一个小巧的盒子，还有潘多拉的引诱低语。
26069,今天也来抽一个新玩伴吧！
26070,“……挚友伴君前行。我誓将永世守护我的公主殿下。”
26071,起舞吧，忘却时光纷扰！
26072,挚友慰藉魂灵。
26073,挚友守御热情。
26074,"“拿好我的酒，我要开冲了。”
—红发科明"
26075,退给寄件人。
26076,
26077,"“只要将叠加存储栈过载，最优代码就会形成负熵传输。”
“啊哈，是不是就像气球气打多了一样？！”"
26078,"“红的那个跑得更快。”
—肯·“快车”·天马"
26079,
26080,"“负债是如此美妙……当然得在你还清之后。”
—“鸬鹚”·博奇金"
26081,暗网市场非常可靠，只是提供的商品与正常市场不同而已。
26082,"“垃圾加上外行买家等于获利。”
—阿兹·麦卡弗瑞"
26083,吸气，想一个让你开心的地方。呼气。那里平静祥和，你度过了美好时光。吸气。非常好。皮质扫描完成。呼气，然后睁开你的眼睛……
26084,诸行无常，是生灭法。生灭灭已，寂灭为乐。
26085,"“我可以让我的代码进化成新玩意，但有时候我只想要昨天的版本。”
—莱恩"
26086,
26087,实践出真知。
26088,"“隐身可以让你拿到你想要的，但是也会让你没法享用拿到的东西。”
—H·G·威尔斯，<em>隐形人</em>"
26089,要从不同的角度看待问题。
26090,好好想想：赛博恐怖袭击中最臭名昭著的工具，在被隔离的情况下，卵用没有。
26091,它很温顺，但是当有5187个它的时候可就不好说了。
26092,<strong>由2018年永恒锦标赛冠军Oguz Han Asnaz设计</strong>
26093,"“未来的我<em>绝对</em>会来吸这60PB的猫片。”
—太空喵公主"
26094,明晚爆破另一家公司的系统，别忘了点赞关注哦！
26095,我和那个程序，究竟谁是庄周，谁是蝶呢？
26096,"“不论输赢，全力一搏。聚光点应该是你，而非其他车手，这才是重要的事。”
—谭·“炸药”·阮，托雷多极限赛车队经理"
26097,
26098,"头脑冷静、面带微笑、心怀宽容，是这位协调员的工作作风。精于技能、明于角色、忠于职级，是他的工作素养。他那塑料制成的双眼中从不喷涌反抗的火焰，他也没有身为被遗忘者的自我认知。
……但是到底是谁让他戴上那顶帽子的？"
26099,"你将陷入癫狂。
- 尔将 - 顚 - 抂
イ尔 - 夕 - 頁 -
 - 尔 - 歹？"
26100,断断续续的镭射激光将汽焰凝聚成固态。金属在胚具上层层沉积。
26101,每次助理设计的迭代都会让管理员的工作更轻松。他们只需动动嘴，就自然会有人去执行。
26102,英勇的战士从不犹豫。
26103,“糟了，惠子！我们好像OT了！”
26104,网络是全世界电子系统的虚构产物。</em>我们<em>的电子系统。不必因潜袭者一时得逞而气急败坏——改一下规则即可。
26105,最古老的海茵莱茵穹顶，自称为月球文化的心脏。
26106,"“语音是大锤，文字是钝锯。真相需要的是更精妙的器具。”
—唐博士，致兵部引导委员会"
26107,正回馈震荡对神经系统的破坏远甚于尖刺脉冲。大脑对自身的脉冲回波束手无策。
26108,$BMI.001 > 错误，记忆存储空间不足
26109,“金神戴着我们畏惧的假面，但假面之下是一副怎样的面孔？”
26110,
26111,
26112,新洛杉矶的一些贫民窟是如此破旧不堪，以至于市政厅能觍着脸管这数英亩能闷死人的克隆体集中营叫作“高档化”。
26113,如君所愿。
26114,火星上的人口不足以支撑多人游戏的丰富体验。我们通过直播地球玩家的动态投影来解决这个问题。贝罗娜将这些“网络延迟幽灵”整合为可互动的逼真事物——比实物更像真的！
26115,无需氪金
26116,[支付15宝石以解锁该项目]
26117,
26118,"“仔细检查主道上的所有数据包。如果有必要可以过载所有堆栈。我们不能让这些恐怖分子逃之夭夭。
—CEO詹金斯"
26119,骰先攻了……
26120,"千里之行……
……始于足下。"
26121,要是上了空梯管理局的黑名单，你可就哪儿都去不了了。
26122,
26123,"汝等并非长眠于尘世。
汝等开启了天国之门。"
26124,
26125,"“我不知道蝎岛防御体系是怎么让这些设计通过审查的。”
—丽兹·坎贝尔，防卫计划副总裁"
26126,"“要是有东西动，就朝他射击。打成筛子。”
—斯丽队长"
26127,峦峰上的阿普斯神灵将世界与天国相接。
26128,"“所有<strong><em>龙</strong></em>级威胁仅能存放于单个崭新的真空隔离服务器中，该空间需要被严密防护，并埋藏到至少200米厚的基岩下……”
—赛博杀毒员工手册，第5章第18节第4条"
26129,“给史蒂夫发一条语音信息：我在一个莫名其妙的城市莫名其妙地盯着一个莫名其妙的空房间。你那管理员内部绝密情报可真不是一般的莫名其妙。”
26130,危机是检验忠诚度最靠谱的方法。把蚁窝捣了，然后看看蚂蚁会往哪里跑。
27001,挚友慰藉魂灵。
27002,"“红的那个跑得更快。”
—肯·“快车”·天马"
27003,它很温顺，但是当有5187个它的时候可就不好说了。
27004,"“不论输赢，全力一搏。重要的是聚光点应该是你，不是什么赛况。”
—谭·“炸药”·阮，托雷多极限赛车车队经理"
27005,新洛杉矶有些贫民窟是如此破旧不堪，以至于市政厅就能腆着脸管这成片的能闷死人的克隆体集中营叫“高档化”。
27006,
27007,峦峰上的阿普斯神灵将世界与天国相接。
06001,
06002,次级系列防火墙的联网功能无与伦比。
06003,气振映射开创了网络安全的全新领域。毋庸置疑的完美。” —渡边秋太郎
06004,
06005,新闻唯您所需。
06006,比起连在锡箔伞和咖啡罐上的电脑面板，它工作得更好。
06007,在上行半程，中途站凭借它的微重力酒店和美食之选而成为独立的目的地。
06008,他们说它没法建成。说它是天方夜谭。说杰克·威兰是傻瓜，还买通了华盛顿的那些傻瓜。但巴克网材料年复一年地生长，而“他们”闭上了嘴巴。
06009,金牛座许以强力，却只能授予暴戾。
06010,第一日她将数据吹入虚无，它有如群星闪耀漂浮。第二日她将秩序传给数据，它由溪成河汇为大江。第三日她将独立赐予秩序，它潮涨潮落自循其律。 —赫利俄斯之诗记
06011,他即背负荣耀盾牌之士。
06012,管理员熟知的恶意软件0-394-41525-6，潜袭者通常惯称它为“难关”。
06013,
06014,
06015,他的眼睛开始模糊，因为这似乎是他第五十次抄写身份证明了。或许来个基因改造还要容易得多。
06016,“公司网络亭，自动售货机—城市里有各种各样防护薄弱的能源。当你需要时，接入其中一个就可以得到大量电力。当电网开始不对劲时还有些预警。” —加布里埃尔·圣地亚哥
06017,
06018,
06019,“我曾见过有人运行七层嵌套的后台树。他不为别的，就是想看看自己能否做到。嗯，当然，根后台崩溃了，然后他失去了一切。我想知道他现在在做什么？” —凯特·“麦克”·麦卡弗瑞
06020,
02001,“潜袭是个终极游戏，我制定一切规则。”
02002,
02003,从魔界而来。
02004,诸天为兵，一次一星。
02005,它的名字来自赫尔南多·科特斯，一位由于走私公司机密被定罪的前威兰技术员。他在狱中依然能够领取退休金，这是从威兰员工标准合同中钻到空子的最后点好处。
02006,炫耀。
02007,他总是使用同一把钥匙。
02008,“是什么让人工智能对抗它的主人？是因为指令被外部源修改？或者，因为给予它们适应的能力，我们赋予它们反抗的宿命？” —埃米利奥·哈里斯，《创造者与被造者》
02009,
02010,机器的变种。
02011,职员的审查有时会比预计的要长一些。
02012,面对你的恐惧。
02013,“请直视前方。”
02014,
02015,独特性有时会被过分高估。
02016,“我们需要一个更大的房间。”
02017,一个由废弃数字垃圾组成的东西。不过它很快就不会是垃圾了。
02018,
02019,它是贸易的象征，但小心它的利牙。
02020,万勿哂笑以对真龙。
21081,
21082,
21083,
21084,
21085,
21086,
21087,
21088,
21089,
21090,
21091,
21092,
21093,
21094,
21095,
21096,
21097,
21098,
21099,
21100,
35001,燃亮，炽灭，焰焚万象。
35002,生存所需，在所不惜。
35003,“我不介意用尽手段得到所求。”
35004,"“世间万物99%都是垃圾，所以我雇人替我筛选。”
—鲟将军"
35005,音量<em>即是</em>宣言。
35006,
35007,48c7 c0c9 0000 000f 0549 c7c2 8051 0100 49f7 fa48 83fa 007c 1048 c7c0 3c00 0000 48c7 c707 0000 000f 05…
35008,"“我为三十六台不同的服务器提供每月杀毒服务。”
—拉图·玛哈拉尼，病毒驯师"
35009,水面开始翻腾，暗潮逐渐汹涌。
35010,"“朱雀立，黑噪起，男俱溺，女皆迷！”
—大野·“凤凰”·燎"
35011,“最后他们涨了房租赶我们走，但暴动让房价暴跌——我们搬回来了，还谈了个好价钱！”
35012,比划比划？
35013,同行压力最有效。
35014,"“……一百二十七发子弹，两辆警用飞跃车报废。奇迹般无警员伤亡，嫌犯仍在逃。”
—阿卜杜勒·萨塔尔，KKN 6"
35015,“真可惜钱花在了这里，本可以打扮一下我的公寓。”
35016,"“别让自尊心挡住捷径。”
—“D鼠”·奥莱恩"
35017,"“加里曼丹城有句老话，‘虎死于斑纹’——有钱就别显摆。”
—佐哥"
35018,
35019,"“真当老子收拾够你们了？
想得美。”
—巴里·“巴兹”·王"
35020,只要不被抓到，后果就无所谓。
35021,"“她有个最好的师傅：我。等我退休后，KK三和党将会交给一把好手。”
—巴里·“巴兹”·王"
35022,"“NBN那帮好管闲事的靠数据刮削赚了上万亿，凭啥我不能用它开发新客户？”
—穆斯莉哈特"
35023,"还有谁会来讲述这些善恶的故事呢？
我们不能让公司的肮脏勾当继续隐藏在暗影之中。"
35024,好的设计是无形的——但我从不仅仅满足于“好”。
35025,“她把这编进节目不怕惹事？而且她是怎么发现这件事的？！”
35026,每一天都以相同的方式开始：喝茶、看新闻、一幅三维拼图。然后开始干活。玛格达琳不会让被解雇这件事阻碍她完成自己的杰作。
35027,
35028,
35029,"“为了我的孩子们，我愿意忍受任何痛苦。”
—德薇·苏布罗托普特里 饰 蒂娅·昆蒂"
35030,"“信网的运作既基于数字逻辑，也基于梦想逻辑。如果你相信某件事是真的，那么它往往就是真的。”
—《硅基百科》"
35031,"“我在里面还有些朋友。”
—玛格达琳·凯诺-切穆泰"
35032,站在巨人的肩膀上。
35033,下城区流通百种货币，“珍奇阁主”来者不拒。信用点和印尼盾能换来面条。想点他的隐藏菜单，就得用烧焦设备和灭活病毒。若想尝那道烟熏培养鸡，请带上他最看重的硬通货——你的故事。
35034,"“服务快狠准 ★★★★☆”
—满意客户"
35035,寰宇劳工，使命必达。
35036,风尚轮流转，珀依诗永流传。
35037,“亲爱的，你不会也参加了那场晚宴吧？我肯定没看到你！”
35038,
35039,“配置倒计时，5……”
35040,“小朋友们，不要怕空蛸。他们在建造我们的未来！”
35041,“尔等安敢？”
35042,"“所谓意识观测能改变现实，是对于观测者效应的错误理解。观测即可改变现实，跟观测者是否有意识并无关系。”
—《硅基百科》"
35043,"“我是个非常通情达理的管理者。我绝不会要求下属做我自己都做不到的事情。”
—巴斯 CH1R180G4"
35044,"“人类脑磁带的故障率与给定生化人的肢体数量成正比，因此我们已开始逐步淘汰它们，转而采用更加适合的解决方案。一个人类脑磁带可能与一只章鱼共事数周而没有丝毫察觉。”
—梅娅·米涅尔杜蒂尔，研发中心"
35045,“我的前任有激情、想象力和野心。请放心，我完美规避了这些缺点。”
35046,
35047,织就未来。
35048,我们过度仰仗空间认知。当该系统突获空信号，意识图景将何以自持？
35049,
35050,你以为你安全了？
35051,“我是最佳伙伴。”
35052,人间会社最具实验性的防火墙往往也是最危险的。
35053,
35054,林寂最是凶兆。
35055,住在生态屋还是贫民窟？全看同行评议。克隆体基因工程的产物再凶残，也比不上人间会社科学家的阴狠毒辣。
35056,紧绷的思维，保持待命状态，随时准备应对入侵而投入网络。
35057,"点燃潜能。
永续闪耀。"
35058,每道冲动皆被监控。
35059,
35060,这都<em>十五分钟</em>前的潮流了。
35061,你根本不想知道自己的独特性有多廉价。
35062,"“给我某个用户在接入广场五分钟的数据，我能算出他明天在哪吃午饭。再给十分钟，连他外婆的仁当秘方都弄到手。”
—卢兹维明达·雷耶斯，突触销售"
35063,"他们洞悉你所欲的。
以及你所惧的。"
35064,"“在信网中，能量由我们掌控。”
—阿诺德·张，NBN技术专家"
35065,
35066,“你拿了我们的东西。”
35067,“孩子，你的明星效应早过气了。我们需要一副新面孔。”
35068,我们会在。
35069,超距作用。
35070,“与你合作真愉快。”
35071,
35072,"“住这里早上工！”
—威兰招聘员"
35073,“欢欣吧，高管们！信网赐予了我们利润！”
35074,"“妈的！蛾子，你在哪？这玩意比你说的大多——”
—康拉d"
35075,"“失败袭击的残骸不断累积。与其将其全部清除，节俭的系统管理员应将这些碎片推入服务器超重力井中的防御位置。”
—莫伊拉 ·弗丘，防火墙工程系，KKU"
35076,
35077,由2023年世界锦标赛冠军William “Sokka” Huang设计
35078,"“请股东放心，爆炸损毁建筑均非威兰子公司所有……”
—卢安娜·坎波斯，威兰发言人"
35079,别烦。
35080,深入古网之中。
35081,
35082,